id;email;tag;first_name;last_name;birth_date;minimal_age;maximal_age
4c0e83d8-e8e0-4d17-a27a-84b134759417;4c0e83d8-e8e0-4d17-a27a-84b134759417@gmail.com;4c0e83d8-e8e0-4d17-a27a-84b134759417;4c0e83d8-e8e0-4d17;a27a-84b134759417;1980-2-11;25;60
e43b844b-feed-4425-8e26-4d8dffa1f55f;e43b844b-feed-4425-8e26-4d8dffa1f55f@gmail.com;e43b844b-feed-4425-8e26-4d8dffa1f55f;e43b844b-feed-4425;8e26-4d8dffa1f55f;1971-9-16;23;59
948eef3b-7467-4046-9057-1323fcd9b5ef;948eef3b-7467-4046-9057-1323fcd9b5ef@gmail.com;948eef3b-7467-4046-9057-1323fcd9b5ef;948eef3b-7467-4046;9057-1323fcd9b5ef;1960-9-21;24;57
70b9e434-f5ba-4068-bb12-40c0196ad693;70b9e434-f5ba-4068-bb12-40c0196ad693@gmail.com;70b9e434-f5ba-4068-bb12-40c0196ad693;70b9e434-f5ba-4068;bb12-40c0196ad693;1992-6-19;25;64
d336878c-24aa-4484-b161-c324a4016a6c;d336878c-24aa-4484-b161-c324a4016a6c@gmail.com;d336878c-24aa-4484-b161-c324a4016a6c;d336878c-24aa-4484;b161-c324a4016a6c;1981-4-12;23;70
6a19f250-44ae-424d-9985-e3f6487f69af;6a19f250-44ae-424d-9985-e3f6487f69af@gmail.com;6a19f250-44ae-424d-9985-e3f6487f69af;6a19f250-44ae-424d;9985-e3f6487f69af;1984-6-16;25;55
0581ef11-28df-4db6-b29e-a83bbc7d2ec4;0581ef11-28df-4db6-b29e-a83bbc7d2ec4@gmail.com;0581ef11-28df-4db6-b29e-a83bbc7d2ec4;0581ef11-28df-4db6;b29e-a83bbc7d2ec4;1987-5-13;23;59
49b8cd94-76ac-4d7a-bd63-888ec8edcecf;49b8cd94-76ac-4d7a-bd63-888ec8edcecf@gmail.com;49b8cd94-76ac-4d7a-bd63-888ec8edcecf;49b8cd94-76ac-4d7a;bd63-888ec8edcecf;1990-5-23;24;64
25a9d74c-1a15-4b55-9e74-e133682a6243;25a9d74c-1a15-4b55-9e74-e133682a6243@gmail.com;25a9d74c-1a15-4b55-9e74-e133682a6243;25a9d74c-1a15-4b55;9e74-e133682a6243;2002-8-11;25;65
647688a9-41bd-499f-a9ab-f40cb8e0c297;647688a9-41bd-499f-a9ab-f40cb8e0c297@gmail.com;647688a9-41bd-499f-a9ab-f40cb8e0c297;647688a9-41bd-499f;a9ab-f40cb8e0c297;1979-11-17;23;63
0f3fd3e8-e3fc-4ec0-a2d8-490ae44805e1;0f3fd3e8-e3fc-4ec0-a2d8-490ae44805e1@gmail.com;0f3fd3e8-e3fc-4ec0-a2d8-490ae44805e1;0f3fd3e8-e3fc-4ec0;a2d8-490ae44805e1;1967-11-2;18;68
90195272-2f52-43a2-86a2-48647a3bf49a;90195272-2f52-43a2-86a2-48647a3bf49a@gmail.com;90195272-2f52-43a2-86a2-48647a3bf49a;90195272-2f52-43a2;86a2-48647a3bf49a;1995-1-6;21;62
afe8c8ac-58b0-4b61-bf9f-ca5482421324;afe8c8ac-58b0-4b61-bf9f-ca5482421324@gmail.com;afe8c8ac-58b0-4b61-bf9f-ca5482421324;afe8c8ac-58b0-4b61;bf9f-ca5482421324;1987-4-1;20;70
3f6bb570-6990-4a33-873e-2a972ba4f138;3f6bb570-6990-4a33-873e-2a972ba4f138@gmail.com;3f6bb570-6990-4a33-873e-2a972ba4f138;3f6bb570-6990-4a33;873e-2a972ba4f138;2004-12-16;20;66
4b7cb0ba-68f8-4c90-b9be-a8e6e055a179;4b7cb0ba-68f8-4c90-b9be-a8e6e055a179@gmail.com;4b7cb0ba-68f8-4c90-b9be-a8e6e055a179;4b7cb0ba-68f8-4c90;b9be-a8e6e055a179;1974-7-21;25;60
8f67853c-101c-4d78-a88a-bf66a3ffe701;8f67853c-101c-4d78-a88a-bf66a3ffe701@gmail.com;8f67853c-101c-4d78-a88a-bf66a3ffe701;8f67853c-101c-4d78;a88a-bf66a3ffe701;1974-11-7;24;61
0572fa9e-5b0f-414e-bc5e-647c627f3fbc;0572fa9e-5b0f-414e-bc5e-647c627f3fbc@gmail.com;0572fa9e-5b0f-414e-bc5e-647c627f3fbc;0572fa9e-5b0f-414e;bc5e-647c627f3fbc;1979-3-10;21;68
21bb2120-bcf5-4890-be3d-b0403c0dea38;21bb2120-bcf5-4890-be3d-b0403c0dea38@gmail.com;21bb2120-bcf5-4890-be3d-b0403c0dea38;21bb2120-bcf5-4890;be3d-b0403c0dea38;2003-4-27;19;67
108f54bb-6572-4805-922d-fa4af3e35eff;108f54bb-6572-4805-922d-fa4af3e35eff@gmail.com;108f54bb-6572-4805-922d-fa4af3e35eff;108f54bb-6572-4805;922d-fa4af3e35eff;1970-3-3;23;60
b1b6a330-a1e5-4b44-84f1-44fd9eb259a1;b1b6a330-a1e5-4b44-84f1-44fd9eb259a1@gmail.com;b1b6a330-a1e5-4b44-84f1-44fd9eb259a1;b1b6a330-a1e5-4b44;84f1-44fd9eb259a1;1962-4-8;21;63
992a8aa7-e56c-4c5f-86b4-8febbdb7c391;992a8aa7-e56c-4c5f-86b4-8febbdb7c391@gmail.com;992a8aa7-e56c-4c5f-86b4-8febbdb7c391;992a8aa7-e56c-4c5f;86b4-8febbdb7c391;1964-11-15;21;55
ece882d6-0542-4e04-822a-6ea21654b67b;ece882d6-0542-4e04-822a-6ea21654b67b@gmail.com;ece882d6-0542-4e04-822a-6ea21654b67b;ece882d6-0542-4e04;822a-6ea21654b67b;1988-3-17;21;66
19f8b0d2-c4d2-4343-a94d-550b2a00bb76;19f8b0d2-c4d2-4343-a94d-550b2a00bb76@gmail.com;19f8b0d2-c4d2-4343-a94d-550b2a00bb76;19f8b0d2-c4d2-4343;a94d-550b2a00bb76;1993-1-21;25;63
fd32edda-e87d-4407-a19c-79a190400866;fd32edda-e87d-4407-a19c-79a190400866@gmail.com;fd32edda-e87d-4407-a19c-79a190400866;fd32edda-e87d-4407;a19c-79a190400866;1976-9-14;18;60
23e33d8d-71a1-488a-8702-b9525b1be082;23e33d8d-71a1-488a-8702-b9525b1be082@gmail.com;23e33d8d-71a1-488a-8702-b9525b1be082;23e33d8d-71a1-488a;8702-b9525b1be082;1984-10-8;22;66
5dd7a3e3-e812-4a95-b2a6-61a32f7c424b;5dd7a3e3-e812-4a95-b2a6-61a32f7c424b@gmail.com;5dd7a3e3-e812-4a95-b2a6-61a32f7c424b;5dd7a3e3-e812-4a95;b2a6-61a32f7c424b;1996-6-27;22;67
08beea64-8bef-439b-90d6-848a08b9abd1;08beea64-8bef-439b-90d6-848a08b9abd1@gmail.com;08beea64-8bef-439b-90d6-848a08b9abd1;08beea64-8bef-439b;90d6-848a08b9abd1;1969-6-25;25;63
fc087e89-13ec-41c2-a583-4e35a4d65bfd;fc087e89-13ec-41c2-a583-4e35a4d65bfd@gmail.com;fc087e89-13ec-41c2-a583-4e35a4d65bfd;fc087e89-13ec-41c2;a583-4e35a4d65bfd;2003-6-17;24;66
c2afee3f-0b59-4fd1-84a5-6c9c065cf0ed;c2afee3f-0b59-4fd1-84a5-6c9c065cf0ed@gmail.com;c2afee3f-0b59-4fd1-84a5-6c9c065cf0ed;c2afee3f-0b59-4fd1;84a5-6c9c065cf0ed;1954-4-13;22;59
bfd4dba1-8c12-4ff7-86d3-664ab517ba41;bfd4dba1-8c12-4ff7-86d3-664ab517ba41@gmail.com;bfd4dba1-8c12-4ff7-86d3-664ab517ba41;bfd4dba1-8c12-4ff7;86d3-664ab517ba41;1962-6-2;24;62
e5d116c2-509d-40eb-8868-4bef2d0d647a;e5d116c2-509d-40eb-8868-4bef2d0d647a@gmail.com;e5d116c2-509d-40eb-8868-4bef2d0d647a;e5d116c2-509d-40eb;8868-4bef2d0d647a;1973-2-7;22;61
167623f7-57c8-47aa-b594-0649b6730c32;167623f7-57c8-47aa-b594-0649b6730c32@gmail.com;167623f7-57c8-47aa-b594-0649b6730c32;167623f7-57c8-47aa;b594-0649b6730c32;1956-3-8;21;58
0b42a6b5-1929-4950-898c-421a3bed0901;0b42a6b5-1929-4950-898c-421a3bed0901@gmail.com;0b42a6b5-1929-4950-898c-421a3bed0901;0b42a6b5-1929-4950;898c-421a3bed0901;1997-5-4;25;67
7822a399-3c15-42ee-b33e-0c173130c834;7822a399-3c15-42ee-b33e-0c173130c834@gmail.com;7822a399-3c15-42ee-b33e-0c173130c834;7822a399-3c15-42ee;b33e-0c173130c834;1991-3-11;22;63
ddb99f34-ff58-418d-9d15-800f78c8c6fb;ddb99f34-ff58-418d-9d15-800f78c8c6fb@gmail.com;ddb99f34-ff58-418d-9d15-800f78c8c6fb;ddb99f34-ff58-418d;9d15-800f78c8c6fb;1996-9-4;18;66
59287079-1334-410d-88a3-ea17b2c86418;59287079-1334-410d-88a3-ea17b2c86418@gmail.com;59287079-1334-410d-88a3-ea17b2c86418;59287079-1334-410d;88a3-ea17b2c86418;1997-12-26;24;58
e6affe7e-1322-43fb-9cc1-05ca5719c047;e6affe7e-1322-43fb-9cc1-05ca5719c047@gmail.com;e6affe7e-1322-43fb-9cc1-05ca5719c047;e6affe7e-1322-43fb;9cc1-05ca5719c047;1975-1-12;23;62
9adbcf96-7792-47d6-8eea-2a308e969536;9adbcf96-7792-47d6-8eea-2a308e969536@gmail.com;9adbcf96-7792-47d6-8eea-2a308e969536;9adbcf96-7792-47d6;8eea-2a308e969536;1974-7-6;21;67
649f22b7-dd97-4a17-8da4-43426a178092;649f22b7-dd97-4a17-8da4-43426a178092@gmail.com;649f22b7-dd97-4a17-8da4-43426a178092;649f22b7-dd97-4a17;8da4-43426a178092;1996-7-23;20;64
8c44df6f-2fb5-46ee-be7d-a2a504b410d3;8c44df6f-2fb5-46ee-be7d-a2a504b410d3@gmail.com;8c44df6f-2fb5-46ee-be7d-a2a504b410d3;8c44df6f-2fb5-46ee;be7d-a2a504b410d3;1991-8-27;23;69
450dea45-2af7-4013-9d17-2bf596d5959b;450dea45-2af7-4013-9d17-2bf596d5959b@gmail.com;450dea45-2af7-4013-9d17-2bf596d5959b;450dea45-2af7-4013;9d17-2bf596d5959b;1987-7-21;23;57
f669ea0a-3379-45ec-b6a3-a9dc89335e5d;f669ea0a-3379-45ec-b6a3-a9dc89335e5d@gmail.com;f669ea0a-3379-45ec-b6a3-a9dc89335e5d;f669ea0a-3379-45ec;b6a3-a9dc89335e5d;1980-1-23;19;68
562a7ac4-062d-4eca-bf2e-e79d3e7f0d6a;562a7ac4-062d-4eca-bf2e-e79d3e7f0d6a@gmail.com;562a7ac4-062d-4eca-bf2e-e79d3e7f0d6a;562a7ac4-062d-4eca;bf2e-e79d3e7f0d6a;1978-9-26;19;55
751a7641-2f8f-412c-a225-c0699fd6b648;751a7641-2f8f-412c-a225-c0699fd6b648@gmail.com;751a7641-2f8f-412c-a225-c0699fd6b648;751a7641-2f8f-412c;a225-c0699fd6b648;1999-10-19;24;59
1036c8fa-4938-4b91-b689-8e2a5f87cdbc;1036c8fa-4938-4b91-b689-8e2a5f87cdbc@gmail.com;1036c8fa-4938-4b91-b689-8e2a5f87cdbc;1036c8fa-4938-4b91;b689-8e2a5f87cdbc;1978-4-10;22;70
40309ff2-817f-4d37-a171-605aae3f748f;40309ff2-817f-4d37-a171-605aae3f748f@gmail.com;40309ff2-817f-4d37-a171-605aae3f748f;40309ff2-817f-4d37;a171-605aae3f748f;1958-4-14;21;64
6f11b482-a833-4875-8c27-0eb7b674e164;6f11b482-a833-4875-8c27-0eb7b674e164@gmail.com;6f11b482-a833-4875-8c27-0eb7b674e164;6f11b482-a833-4875;8c27-0eb7b674e164;1955-9-16;20;68
a8edb4c7-753b-4b76-932c-b6fd6c16fe90;a8edb4c7-753b-4b76-932c-b6fd6c16fe90@gmail.com;a8edb4c7-753b-4b76-932c-b6fd6c16fe90;a8edb4c7-753b-4b76;932c-b6fd6c16fe90;1969-4-3;23;62
15732e26-1468-4482-9263-da858a291fcf;15732e26-1468-4482-9263-da858a291fcf@gmail.com;15732e26-1468-4482-9263-da858a291fcf;15732e26-1468-4482;9263-da858a291fcf;1982-4-23;20;55
8be27500-7787-4369-a82c-177d26a0d14b;8be27500-7787-4369-a82c-177d26a0d14b@gmail.com;8be27500-7787-4369-a82c-177d26a0d14b;8be27500-7787-4369;a82c-177d26a0d14b;1999-1-4;25;66
ed12760e-9741-4cdb-a059-69cdbe3951fe;ed12760e-9741-4cdb-a059-69cdbe3951fe@gmail.com;ed12760e-9741-4cdb-a059-69cdbe3951fe;ed12760e-9741-4cdb;a059-69cdbe3951fe;1974-3-20;23;57
92f3cc78-6afd-4280-a090-0ddcbb85aca3;92f3cc78-6afd-4280-a090-0ddcbb85aca3@gmail.com;92f3cc78-6afd-4280-a090-0ddcbb85aca3;92f3cc78-6afd-4280;a090-0ddcbb85aca3;1966-3-1;25;63
a04a2a93-77cc-4122-9d1b-1a36512c9ee2;a04a2a93-77cc-4122-9d1b-1a36512c9ee2@gmail.com;a04a2a93-77cc-4122-9d1b-1a36512c9ee2;a04a2a93-77cc-4122;9d1b-1a36512c9ee2;1981-12-20;20;67
ae3e2b6b-cb28-42b8-8614-214b84c9dd2c;ae3e2b6b-cb28-42b8-8614-214b84c9dd2c@gmail.com;ae3e2b6b-cb28-42b8-8614-214b84c9dd2c;ae3e2b6b-cb28-42b8;8614-214b84c9dd2c;1993-1-25;25;58
601a2301-dc3e-48e9-9be6-e1b2630bd739;601a2301-dc3e-48e9-9be6-e1b2630bd739@gmail.com;601a2301-dc3e-48e9-9be6-e1b2630bd739;601a2301-dc3e-48e9;9be6-e1b2630bd739;1976-10-10;20;67
22964b19-6a27-462a-bf02-2e874b2dbcd5;22964b19-6a27-462a-bf02-2e874b2dbcd5@gmail.com;22964b19-6a27-462a-bf02-2e874b2dbcd5;22964b19-6a27-462a;bf02-2e874b2dbcd5;1975-12-25;21;70
6efc7953-578d-4362-9566-08660434b76d;6efc7953-578d-4362-9566-08660434b76d@gmail.com;6efc7953-578d-4362-9566-08660434b76d;6efc7953-578d-4362;9566-08660434b76d;1993-10-10;23;67
13432d12-0afc-497a-a866-11559e3ea53a;13432d12-0afc-497a-a866-11559e3ea53a@gmail.com;13432d12-0afc-497a-a866-11559e3ea53a;13432d12-0afc-497a;a866-11559e3ea53a;1971-1-5;19;58
21f47b72-2efa-4433-8a9e-f6ddab692e99;21f47b72-2efa-4433-8a9e-f6ddab692e99@gmail.com;21f47b72-2efa-4433-8a9e-f6ddab692e99;21f47b72-2efa-4433;8a9e-f6ddab692e99;1991-3-14;24;68
958306a4-4694-4914-a023-9aa022a3ada9;958306a4-4694-4914-a023-9aa022a3ada9@gmail.com;958306a4-4694-4914-a023-9aa022a3ada9;958306a4-4694-4914;a023-9aa022a3ada9;1998-3-26;19;57
4d5e7f35-2603-440e-9335-0a3350622efa;4d5e7f35-2603-440e-9335-0a3350622efa@gmail.com;4d5e7f35-2603-440e-9335-0a3350622efa;4d5e7f35-2603-440e;9335-0a3350622efa;2003-11-2;21;64
2b0d0c3f-6888-4ad5-a2f3-b20656a0b5d6;2b0d0c3f-6888-4ad5-a2f3-b20656a0b5d6@gmail.com;2b0d0c3f-6888-4ad5-a2f3-b20656a0b5d6;2b0d0c3f-6888-4ad5;a2f3-b20656a0b5d6;1982-2-27;18;61
0340b171-5b27-4ae2-9755-1154ab914aa8;0340b171-5b27-4ae2-9755-1154ab914aa8@gmail.com;0340b171-5b27-4ae2-9755-1154ab914aa8;0340b171-5b27-4ae2;9755-1154ab914aa8;1996-6-25;19;60
2bb478c7-aa1d-4750-959e-8c7eeaa79b9d;2bb478c7-aa1d-4750-959e-8c7eeaa79b9d@gmail.com;2bb478c7-aa1d-4750-959e-8c7eeaa79b9d;2bb478c7-aa1d-4750;959e-8c7eeaa79b9d;1996-1-15;19;69
0422a4eb-5e86-435d-88b9-68e86dd6a192;0422a4eb-5e86-435d-88b9-68e86dd6a192@gmail.com;0422a4eb-5e86-435d-88b9-68e86dd6a192;0422a4eb-5e86-435d;88b9-68e86dd6a192;2001-3-25;18;58
88119f04-b7ec-4f8a-99ed-9c3545723d8d;88119f04-b7ec-4f8a-99ed-9c3545723d8d@gmail.com;88119f04-b7ec-4f8a-99ed-9c3545723d8d;88119f04-b7ec-4f8a;99ed-9c3545723d8d;1965-7-11;25;56
ddf03466-7598-4852-ba6d-96bd8c99c003;ddf03466-7598-4852-ba6d-96bd8c99c003@gmail.com;ddf03466-7598-4852-ba6d-96bd8c99c003;ddf03466-7598-4852;ba6d-96bd8c99c003;1962-1-5;23;64
b069d66f-0949-4347-a5da-10c97daf3a4e;b069d66f-0949-4347-a5da-10c97daf3a4e@gmail.com;b069d66f-0949-4347-a5da-10c97daf3a4e;b069d66f-0949-4347;a5da-10c97daf3a4e;1979-12-7;24;58
73d29656-35e9-47c9-ab38-43d3ffb72a49;73d29656-35e9-47c9-ab38-43d3ffb72a49@gmail.com;73d29656-35e9-47c9-ab38-43d3ffb72a49;73d29656-35e9-47c9;ab38-43d3ffb72a49;1986-10-6;21;60
70bd056e-e6f7-4051-91a0-c8f5eb2d6b60;70bd056e-e6f7-4051-91a0-c8f5eb2d6b60@gmail.com;70bd056e-e6f7-4051-91a0-c8f5eb2d6b60;70bd056e-e6f7-4051;91a0-c8f5eb2d6b60;1996-2-16;21;69
4f62976f-2806-435d-8983-ddd19ec9d035;4f62976f-2806-435d-8983-ddd19ec9d035@gmail.com;4f62976f-2806-435d-8983-ddd19ec9d035;4f62976f-2806-435d;8983-ddd19ec9d035;1989-7-15;24;68
9ec285b7-aedc-4a0d-aafd-8c66bcc13e68;9ec285b7-aedc-4a0d-aafd-8c66bcc13e68@gmail.com;9ec285b7-aedc-4a0d-aafd-8c66bcc13e68;9ec285b7-aedc-4a0d;aafd-8c66bcc13e68;1979-9-25;25;61
620f3572-2f66-47f4-a8db-b0dcf0bd0e14;620f3572-2f66-47f4-a8db-b0dcf0bd0e14@gmail.com;620f3572-2f66-47f4-a8db-b0dcf0bd0e14;620f3572-2f66-47f4;a8db-b0dcf0bd0e14;1955-10-7;25;63
167cc3e3-a09c-4dc5-9690-54536e3a08e2;167cc3e3-a09c-4dc5-9690-54536e3a08e2@gmail.com;167cc3e3-a09c-4dc5-9690-54536e3a08e2;167cc3e3-a09c-4dc5;9690-54536e3a08e2;1969-12-11;21;55
09bb8cf1-cc26-4409-830c-0d7e550dd140;09bb8cf1-cc26-4409-830c-0d7e550dd140@gmail.com;09bb8cf1-cc26-4409-830c-0d7e550dd140;09bb8cf1-cc26-4409;830c-0d7e550dd140;1966-6-11;21;64
095477d9-b8b5-4313-8d9f-566acca60c77;095477d9-b8b5-4313-8d9f-566acca60c77@gmail.com;095477d9-b8b5-4313-8d9f-566acca60c77;095477d9-b8b5-4313;8d9f-566acca60c77;1976-9-13;23;69
fb74c168-b4f0-48f8-9349-37df9c7a4476;fb74c168-b4f0-48f8-9349-37df9c7a4476@gmail.com;fb74c168-b4f0-48f8-9349-37df9c7a4476;fb74c168-b4f0-48f8;9349-37df9c7a4476;1975-2-16;24;63
e5603c15-8bbf-4a25-9185-111a653c9aaf;e5603c15-8bbf-4a25-9185-111a653c9aaf@gmail.com;e5603c15-8bbf-4a25-9185-111a653c9aaf;e5603c15-8bbf-4a25;9185-111a653c9aaf;1985-1-19;23;70
0022bd02-c607-4f57-acdf-9d241854e9bd;0022bd02-c607-4f57-acdf-9d241854e9bd@gmail.com;0022bd02-c607-4f57-acdf-9d241854e9bd;0022bd02-c607-4f57;acdf-9d241854e9bd;1986-2-7;22;60
8600fabd-b634-4aff-a3d3-6aafdb057a82;8600fabd-b634-4aff-a3d3-6aafdb057a82@gmail.com;8600fabd-b634-4aff-a3d3-6aafdb057a82;8600fabd-b634-4aff;a3d3-6aafdb057a82;1986-1-16;23;61
e2dfe96c-73d5-4206-afb4-c418d4124aee;e2dfe96c-73d5-4206-afb4-c418d4124aee@gmail.com;e2dfe96c-73d5-4206-afb4-c418d4124aee;e2dfe96c-73d5-4206;afb4-c418d4124aee;1976-10-16;23;58
e5f0401d-2a4c-46c9-abb0-764262ad3d76;e5f0401d-2a4c-46c9-abb0-764262ad3d76@gmail.com;e5f0401d-2a4c-46c9-abb0-764262ad3d76;e5f0401d-2a4c-46c9;abb0-764262ad3d76;1969-5-25;25;68
09cced6e-db54-4ea3-ad80-da36225786d5;09cced6e-db54-4ea3-ad80-da36225786d5@gmail.com;09cced6e-db54-4ea3-ad80-da36225786d5;09cced6e-db54-4ea3;ad80-da36225786d5;1973-2-19;23;66
86459dd7-5701-4e78-8c8f-ecbe692ba710;86459dd7-5701-4e78-8c8f-ecbe692ba710@gmail.com;86459dd7-5701-4e78-8c8f-ecbe692ba710;86459dd7-5701-4e78;8c8f-ecbe692ba710;1968-5-14;22;62
401762fe-0524-4409-b8b5-3328569935ba;401762fe-0524-4409-b8b5-3328569935ba@gmail.com;401762fe-0524-4409-b8b5-3328569935ba;401762fe-0524-4409;b8b5-3328569935ba;1999-8-20;25;56
7b3b543b-1497-49c1-89f0-9efe425d5fb1;7b3b543b-1497-49c1-89f0-9efe425d5fb1@gmail.com;7b3b543b-1497-49c1-89f0-9efe425d5fb1;7b3b543b-1497-49c1;89f0-9efe425d5fb1;1989-1-24;25;59
e56340e6-963c-45b4-bd99-945cddc9d23a;e56340e6-963c-45b4-bd99-945cddc9d23a@gmail.com;e56340e6-963c-45b4-bd99-945cddc9d23a;e56340e6-963c-45b4;bd99-945cddc9d23a;1974-1-3;18;57
b8778ab7-f089-42cf-b93c-3b22500be338;b8778ab7-f089-42cf-b93c-3b22500be338@gmail.com;b8778ab7-f089-42cf-b93c-3b22500be338;b8778ab7-f089-42cf;b93c-3b22500be338;1979-3-25;20;60
556e8cdf-87e5-4801-8b26-e3e88c981017;556e8cdf-87e5-4801-8b26-e3e88c981017@gmail.com;556e8cdf-87e5-4801-8b26-e3e88c981017;556e8cdf-87e5-4801;8b26-e3e88c981017;1957-1-8;22;55
d8e0f4b2-70ee-441b-9897-31764126210f;d8e0f4b2-70ee-441b-9897-31764126210f@gmail.com;d8e0f4b2-70ee-441b-9897-31764126210f;d8e0f4b2-70ee-441b;9897-31764126210f;1970-9-27;21;58
39ddc40e-b381-4aa7-8862-97127d072076;39ddc40e-b381-4aa7-8862-97127d072076@gmail.com;39ddc40e-b381-4aa7-8862-97127d072076;39ddc40e-b381-4aa7;8862-97127d072076;1994-4-12;19;63
6ac40fee-ac89-4e02-aa71-b48bd5c30afc;6ac40fee-ac89-4e02-aa71-b48bd5c30afc@gmail.com;6ac40fee-ac89-4e02-aa71-b48bd5c30afc;6ac40fee-ac89-4e02;aa71-b48bd5c30afc;1975-6-20;22;65
7b8da273-84e7-43ac-8cc2-b48be4510646;7b8da273-84e7-43ac-8cc2-b48be4510646@gmail.com;7b8da273-84e7-43ac-8cc2-b48be4510646;7b8da273-84e7-43ac;8cc2-b48be4510646;1982-6-26;23;62
162b9925-038a-4a27-a332-45b7c73c6cb2;162b9925-038a-4a27-a332-45b7c73c6cb2@gmail.com;162b9925-038a-4a27-a332-45b7c73c6cb2;162b9925-038a-4a27;a332-45b7c73c6cb2;1997-7-23;21;65
e6811942-224b-4cde-9972-7e9005908520;e6811942-224b-4cde-9972-7e9005908520@gmail.com;e6811942-224b-4cde-9972-7e9005908520;e6811942-224b-4cde;9972-7e9005908520;1966-3-6;23;59
1487d5bb-2821-4c65-b68e-65d8d59db390;1487d5bb-2821-4c65-b68e-65d8d59db390@gmail.com;1487d5bb-2821-4c65-b68e-65d8d59db390;1487d5bb-2821-4c65;b68e-65d8d59db390;1969-1-14;24;66
c9b20365-6c8e-4305-a755-ca77e23594bb;c9b20365-6c8e-4305-a755-ca77e23594bb@gmail.com;c9b20365-6c8e-4305-a755-ca77e23594bb;c9b20365-6c8e-4305;a755-ca77e23594bb;1985-5-18;20;65
f64c2cdb-d32f-4753-9bc8-d51ef3b3dc57;f64c2cdb-d32f-4753-9bc8-d51ef3b3dc57@gmail.com;f64c2cdb-d32f-4753-9bc8-d51ef3b3dc57;f64c2cdb-d32f-4753;9bc8-d51ef3b3dc57;1981-3-10;21;57
079530f7-b9b8-43a5-8c1f-4e1baeb2f47f;079530f7-b9b8-43a5-8c1f-4e1baeb2f47f@gmail.com;079530f7-b9b8-43a5-8c1f-4e1baeb2f47f;079530f7-b9b8-43a5;8c1f-4e1baeb2f47f;1976-4-16;21;60
220bdbc2-c18d-4dfa-87bb-349c560e8a84;220bdbc2-c18d-4dfa-87bb-349c560e8a84@gmail.com;220bdbc2-c18d-4dfa-87bb-349c560e8a84;220bdbc2-c18d-4dfa;87bb-349c560e8a84;1979-6-9;23;62
3c414249-8004-4a65-85f2-4823ffbad38d;3c414249-8004-4a65-85f2-4823ffbad38d@gmail.com;3c414249-8004-4a65-85f2-4823ffbad38d;3c414249-8004-4a65;85f2-4823ffbad38d;1957-9-24;23;65
40c55b30-13eb-4f7e-b77a-db9e17815e95;40c55b30-13eb-4f7e-b77a-db9e17815e95@gmail.com;40c55b30-13eb-4f7e-b77a-db9e17815e95;40c55b30-13eb-4f7e;b77a-db9e17815e95;2001-10-24;20;67
40a55091-75a3-4dc1-be63-e458688d7893;40a55091-75a3-4dc1-be63-e458688d7893@gmail.com;40a55091-75a3-4dc1-be63-e458688d7893;40a55091-75a3-4dc1;be63-e458688d7893;2001-8-2;23;60
4b4cbfbe-0e6d-4469-a0fe-a63147027d68;4b4cbfbe-0e6d-4469-a0fe-a63147027d68@gmail.com;4b4cbfbe-0e6d-4469-a0fe-a63147027d68;4b4cbfbe-0e6d-4469;a0fe-a63147027d68;1973-2-15;20;65
c90f48ab-bf03-45bd-8319-d43683601c24;c90f48ab-bf03-45bd-8319-d43683601c24@gmail.com;c90f48ab-bf03-45bd-8319-d43683601c24;c90f48ab-bf03-45bd;8319-d43683601c24;1980-8-16;20;70
9a6e4119-6507-4ef2-8187-e3c6e492f2ca;9a6e4119-6507-4ef2-8187-e3c6e492f2ca@gmail.com;9a6e4119-6507-4ef2-8187-e3c6e492f2ca;9a6e4119-6507-4ef2;8187-e3c6e492f2ca;1967-10-25;18;69
b8d4dad9-6e66-4248-9bd8-19a94e27c55e;b8d4dad9-6e66-4248-9bd8-19a94e27c55e@gmail.com;b8d4dad9-6e66-4248-9bd8-19a94e27c55e;b8d4dad9-6e66-4248;9bd8-19a94e27c55e;1994-11-3;24;59
2b9f74af-8097-443a-ac77-19eed22f38b0;2b9f74af-8097-443a-ac77-19eed22f38b0@gmail.com;2b9f74af-8097-443a-ac77-19eed22f38b0;2b9f74af-8097-443a;ac77-19eed22f38b0;1985-6-19;20;58
c65283d6-5a8e-4b46-b17f-75495b61a0b4;c65283d6-5a8e-4b46-b17f-75495b61a0b4@gmail.com;c65283d6-5a8e-4b46-b17f-75495b61a0b4;c65283d6-5a8e-4b46;b17f-75495b61a0b4;1968-1-6;19;64
a1d55fa9-947a-485e-ba8e-4ca233b3e525;a1d55fa9-947a-485e-ba8e-4ca233b3e525@gmail.com;a1d55fa9-947a-485e-ba8e-4ca233b3e525;a1d55fa9-947a-485e;ba8e-4ca233b3e525;1997-8-18;23;67
3d7be079-a673-4711-becc-cd1ec2b71586;3d7be079-a673-4711-becc-cd1ec2b71586@gmail.com;3d7be079-a673-4711-becc-cd1ec2b71586;3d7be079-a673-4711;becc-cd1ec2b71586;1977-10-18;23;68
49c158dc-0481-415c-8f11-b1c6c5347612;49c158dc-0481-415c-8f11-b1c6c5347612@gmail.com;49c158dc-0481-415c-8f11-b1c6c5347612;49c158dc-0481-415c;8f11-b1c6c5347612;1994-5-21;23;59
99a5be55-1619-46ee-aabc-a2979c953c5c;99a5be55-1619-46ee-aabc-a2979c953c5c@gmail.com;99a5be55-1619-46ee-aabc-a2979c953c5c;99a5be55-1619-46ee;aabc-a2979c953c5c;1999-10-6;20;64
a34abd1c-581c-49f5-890c-d3871302c0ae;a34abd1c-581c-49f5-890c-d3871302c0ae@gmail.com;a34abd1c-581c-49f5-890c-d3871302c0ae;a34abd1c-581c-49f5;890c-d3871302c0ae;1988-9-21;21;61
b5205a77-958e-4a12-aedc-f2d5ee34bbd5;b5205a77-958e-4a12-aedc-f2d5ee34bbd5@gmail.com;b5205a77-958e-4a12-aedc-f2d5ee34bbd5;b5205a77-958e-4a12;aedc-f2d5ee34bbd5;1980-11-15;20;57
cd896e5c-8e05-47a6-a746-2758408ed9a4;cd896e5c-8e05-47a6-a746-2758408ed9a4@gmail.com;cd896e5c-8e05-47a6-a746-2758408ed9a4;cd896e5c-8e05-47a6;a746-2758408ed9a4;1970-2-13;20;57
054d0482-15da-4933-8c14-66ff617f5e17;054d0482-15da-4933-8c14-66ff617f5e17@gmail.com;054d0482-15da-4933-8c14-66ff617f5e17;054d0482-15da-4933;8c14-66ff617f5e17;1987-7-19;21;57
ec95be6f-4c27-4b6e-adc4-f330760e1bee;ec95be6f-4c27-4b6e-adc4-f330760e1bee@gmail.com;ec95be6f-4c27-4b6e-adc4-f330760e1bee;ec95be6f-4c27-4b6e;adc4-f330760e1bee;1961-3-8;21;58
d434e4ed-b3ef-494a-8f99-ce953885f7c0;d434e4ed-b3ef-494a-8f99-ce953885f7c0@gmail.com;d434e4ed-b3ef-494a-8f99-ce953885f7c0;d434e4ed-b3ef-494a;8f99-ce953885f7c0;1968-6-9;21;65
effdb167-0e1f-4d71-bb18-3fcd732dad4a;effdb167-0e1f-4d71-bb18-3fcd732dad4a@gmail.com;effdb167-0e1f-4d71-bb18-3fcd732dad4a;effdb167-0e1f-4d71;bb18-3fcd732dad4a;1995-5-19;19;55
4ef00c96-2fb6-4d59-968f-b2b43f49f80f;4ef00c96-2fb6-4d59-968f-b2b43f49f80f@gmail.com;4ef00c96-2fb6-4d59-968f-b2b43f49f80f;4ef00c96-2fb6-4d59;968f-b2b43f49f80f;1998-12-24;19;65
b541099a-b83f-42d7-b30d-4a3e71de7593;b541099a-b83f-42d7-b30d-4a3e71de7593@gmail.com;b541099a-b83f-42d7-b30d-4a3e71de7593;b541099a-b83f-42d7;b30d-4a3e71de7593;2000-9-10;19;58
e985a608-8990-49ce-b1e9-62b3961e3567;e985a608-8990-49ce-b1e9-62b3961e3567@gmail.com;e985a608-8990-49ce-b1e9-62b3961e3567;e985a608-8990-49ce;b1e9-62b3961e3567;1990-10-24;25;70
dcfbd135-9be0-4769-90d1-772166fd4a06;dcfbd135-9be0-4769-90d1-772166fd4a06@gmail.com;dcfbd135-9be0-4769-90d1-772166fd4a06;dcfbd135-9be0-4769;90d1-772166fd4a06;2000-9-22;22;58
b9e5536b-442e-430a-bda4-26438bead877;b9e5536b-442e-430a-bda4-26438bead877@gmail.com;b9e5536b-442e-430a-bda4-26438bead877;b9e5536b-442e-430a;bda4-26438bead877;1984-11-11;23;69
445ee17c-81e1-47c9-afe0-51ab56ec0ee7;445ee17c-81e1-47c9-afe0-51ab56ec0ee7@gmail.com;445ee17c-81e1-47c9-afe0-51ab56ec0ee7;445ee17c-81e1-47c9;afe0-51ab56ec0ee7;1983-1-15;24;64
c28418d9-6dd0-487c-b0d3-9180bb43fd8c;c28418d9-6dd0-487c-b0d3-9180bb43fd8c@gmail.com;c28418d9-6dd0-487c-b0d3-9180bb43fd8c;c28418d9-6dd0-487c;b0d3-9180bb43fd8c;1965-11-27;24;67
a60b81b8-3cdd-4db7-8111-cf5228982cea;a60b81b8-3cdd-4db7-8111-cf5228982cea@gmail.com;a60b81b8-3cdd-4db7-8111-cf5228982cea;a60b81b8-3cdd-4db7;8111-cf5228982cea;1966-12-27;19;56
e986c4aa-6b33-4ee0-aa84-a1a7a30ebeeb;e986c4aa-6b33-4ee0-aa84-a1a7a30ebeeb@gmail.com;e986c4aa-6b33-4ee0-aa84-a1a7a30ebeeb;e986c4aa-6b33-4ee0;aa84-a1a7a30ebeeb;1990-3-14;20;66
3518b0da-13ca-4013-bb32-b1b719fd114e;3518b0da-13ca-4013-bb32-b1b719fd114e@gmail.com;3518b0da-13ca-4013-bb32-b1b719fd114e;3518b0da-13ca-4013;bb32-b1b719fd114e;1966-1-11;24;63
e5df23d8-cb28-4f0c-b9be-e93fc7f3d3ab;e5df23d8-cb28-4f0c-b9be-e93fc7f3d3ab@gmail.com;e5df23d8-cb28-4f0c-b9be-e93fc7f3d3ab;e5df23d8-cb28-4f0c;b9be-e93fc7f3d3ab;1958-6-19;20;68
8b980e09-efc9-4287-9a76-a5ad54825b85;8b980e09-efc9-4287-9a76-a5ad54825b85@gmail.com;8b980e09-efc9-4287-9a76-a5ad54825b85;8b980e09-efc9-4287;9a76-a5ad54825b85;1963-7-10;23;59
7fca4435-3194-4b3d-add3-22ddbcc0bf72;7fca4435-3194-4b3d-add3-22ddbcc0bf72@gmail.com;7fca4435-3194-4b3d-add3-22ddbcc0bf72;7fca4435-3194-4b3d;add3-22ddbcc0bf72;1966-3-13;24;61
31334262-d5a4-4fa1-987d-90fc8f8b50f1;31334262-d5a4-4fa1-987d-90fc8f8b50f1@gmail.com;31334262-d5a4-4fa1-987d-90fc8f8b50f1;31334262-d5a4-4fa1;987d-90fc8f8b50f1;1984-10-6;22;62
43c21137-d440-4275-ae66-5eea10b09f34;43c21137-d440-4275-ae66-5eea10b09f34@gmail.com;43c21137-d440-4275-ae66-5eea10b09f34;43c21137-d440-4275;ae66-5eea10b09f34;2003-3-14;25;64
ac45d42d-88b8-4977-99ad-1e21e25d15d7;ac45d42d-88b8-4977-99ad-1e21e25d15d7@gmail.com;ac45d42d-88b8-4977-99ad-1e21e25d15d7;ac45d42d-88b8-4977;99ad-1e21e25d15d7;1956-12-6;24;57
b1caf8a0-7953-4cf4-9c10-0dd74498a010;b1caf8a0-7953-4cf4-9c10-0dd74498a010@gmail.com;b1caf8a0-7953-4cf4-9c10-0dd74498a010;b1caf8a0-7953-4cf4;9c10-0dd74498a010;1963-7-22;22;62
5b7eb2f6-37b4-4c34-b2a3-7e862cecbed1;5b7eb2f6-37b4-4c34-b2a3-7e862cecbed1@gmail.com;5b7eb2f6-37b4-4c34-b2a3-7e862cecbed1;5b7eb2f6-37b4-4c34;b2a3-7e862cecbed1;1957-2-1;18;70
175c232b-1a32-4e6f-b744-dc0d53a93025;175c232b-1a32-4e6f-b744-dc0d53a93025@gmail.com;175c232b-1a32-4e6f-b744-dc0d53a93025;175c232b-1a32-4e6f;b744-dc0d53a93025;1968-10-13;25;69
2a549947-8a43-40a0-b565-afff2abbafcc;2a549947-8a43-40a0-b565-afff2abbafcc@gmail.com;2a549947-8a43-40a0-b565-afff2abbafcc;2a549947-8a43-40a0;b565-afff2abbafcc;1957-10-13;25;69
62b6a0e3-d881-47bc-9c72-beaec1304e07;62b6a0e3-d881-47bc-9c72-beaec1304e07@gmail.com;62b6a0e3-d881-47bc-9c72-beaec1304e07;62b6a0e3-d881-47bc;9c72-beaec1304e07;1959-10-23;23;59
f8eee312-ae92-487b-9170-ae464785c944;f8eee312-ae92-487b-9170-ae464785c944@gmail.com;f8eee312-ae92-487b-9170-ae464785c944;f8eee312-ae92-487b;9170-ae464785c944;1997-4-2;21;60
28759044-56bc-48a1-994e-c3227e22ba3b;28759044-56bc-48a1-994e-c3227e22ba3b@gmail.com;28759044-56bc-48a1-994e-c3227e22ba3b;28759044-56bc-48a1;994e-c3227e22ba3b;1986-6-24;25;55
4a91a81e-c182-4b76-8a44-4fc09a074122;4a91a81e-c182-4b76-8a44-4fc09a074122@gmail.com;4a91a81e-c182-4b76-8a44-4fc09a074122;4a91a81e-c182-4b76;8a44-4fc09a074122;1986-7-7;20;57
a169e5dd-d542-4e91-9a4d-f0d6b7e880b2;a169e5dd-d542-4e91-9a4d-f0d6b7e880b2@gmail.com;a169e5dd-d542-4e91-9a4d-f0d6b7e880b2;a169e5dd-d542-4e91;9a4d-f0d6b7e880b2;1989-8-19;23;67
6d5fac5c-4003-4ac5-9e05-57c79de07a5d;6d5fac5c-4003-4ac5-9e05-57c79de07a5d@gmail.com;6d5fac5c-4003-4ac5-9e05-57c79de07a5d;6d5fac5c-4003-4ac5;9e05-57c79de07a5d;1991-2-25;22;65
a44516ab-de85-49af-999c-c99c3d5c1c2d;a44516ab-de85-49af-999c-c99c3d5c1c2d@gmail.com;a44516ab-de85-49af-999c-c99c3d5c1c2d;a44516ab-de85-49af;999c-c99c3d5c1c2d;1976-10-4;20;60
599c6418-f84a-4f4f-acad-941257dd74e6;599c6418-f84a-4f4f-acad-941257dd74e6@gmail.com;599c6418-f84a-4f4f-acad-941257dd74e6;599c6418-f84a-4f4f;acad-941257dd74e6;1998-7-18;18;66
db1dc971-f9ad-4b9e-907c-6c80790f3e28;db1dc971-f9ad-4b9e-907c-6c80790f3e28@gmail.com;db1dc971-f9ad-4b9e-907c-6c80790f3e28;db1dc971-f9ad-4b9e;907c-6c80790f3e28;1971-8-26;25;67
e882e08d-f3af-4788-a22b-7f3edcf7bc05;e882e08d-f3af-4788-a22b-7f3edcf7bc05@gmail.com;e882e08d-f3af-4788-a22b-7f3edcf7bc05;e882e08d-f3af-4788;a22b-7f3edcf7bc05;1975-6-20;22;63
e8ec5700-fd9f-4301-b5f2-ed91ce93963f;e8ec5700-fd9f-4301-b5f2-ed91ce93963f@gmail.com;e8ec5700-fd9f-4301-b5f2-ed91ce93963f;e8ec5700-fd9f-4301;b5f2-ed91ce93963f;2001-5-21;25;69
ea7947b9-7852-4ede-a16d-c6f1fb98d26a;ea7947b9-7852-4ede-a16d-c6f1fb98d26a@gmail.com;ea7947b9-7852-4ede-a16d-c6f1fb98d26a;ea7947b9-7852-4ede;a16d-c6f1fb98d26a;1985-5-18;20;65
6814ea72-a59a-44b2-841e-353a7310811e;6814ea72-a59a-44b2-841e-353a7310811e@gmail.com;6814ea72-a59a-44b2-841e-353a7310811e;6814ea72-a59a-44b2;841e-353a7310811e;1978-4-2;19;70
b9e8d245-72d4-4b99-9d56-579bfdffd3ac;b9e8d245-72d4-4b99-9d56-579bfdffd3ac@gmail.com;b9e8d245-72d4-4b99-9d56-579bfdffd3ac;b9e8d245-72d4-4b99;9d56-579bfdffd3ac;1995-7-8;24;61
82dbd749-94ef-4322-bc14-a6a447b60cd1;82dbd749-94ef-4322-bc14-a6a447b60cd1@gmail.com;82dbd749-94ef-4322-bc14-a6a447b60cd1;82dbd749-94ef-4322;bc14-a6a447b60cd1;1972-11-19;18;70
c0901cac-d387-49a2-b43b-d1a03958bb47;c0901cac-d387-49a2-b43b-d1a03958bb47@gmail.com;c0901cac-d387-49a2-b43b-d1a03958bb47;c0901cac-d387-49a2;b43b-d1a03958bb47;1974-3-26;22;65
8266c9f3-7427-4707-b47c-d1bf7e00cae1;8266c9f3-7427-4707-b47c-d1bf7e00cae1@gmail.com;8266c9f3-7427-4707-b47c-d1bf7e00cae1;8266c9f3-7427-4707;b47c-d1bf7e00cae1;1980-3-6;22;61
6f86a868-e538-438c-883a-14ed2d700a01;6f86a868-e538-438c-883a-14ed2d700a01@gmail.com;6f86a868-e538-438c-883a-14ed2d700a01;6f86a868-e538-438c;883a-14ed2d700a01;1974-4-17;18;56
db2bd237-632f-4017-8366-d01af1b8e137;db2bd237-632f-4017-8366-d01af1b8e137@gmail.com;db2bd237-632f-4017-8366-d01af1b8e137;db2bd237-632f-4017;8366-d01af1b8e137;1970-2-11;21;67
d344608f-5fd5-4e45-8e7c-ff23da3f2468;d344608f-5fd5-4e45-8e7c-ff23da3f2468@gmail.com;d344608f-5fd5-4e45-8e7c-ff23da3f2468;d344608f-5fd5-4e45;8e7c-ff23da3f2468;1970-9-1;21;66
922ac173-4f2b-41c7-898a-656328864820;922ac173-4f2b-41c7-898a-656328864820@gmail.com;922ac173-4f2b-41c7-898a-656328864820;922ac173-4f2b-41c7;898a-656328864820;2003-9-3;18;62
0e6f8398-20ee-42b1-bb34-20327fc84c2b;0e6f8398-20ee-42b1-bb34-20327fc84c2b@gmail.com;0e6f8398-20ee-42b1-bb34-20327fc84c2b;0e6f8398-20ee-42b1;bb34-20327fc84c2b;1976-3-10;21;60
6672b925-8e31-4585-b6b2-2858889c313f;6672b925-8e31-4585-b6b2-2858889c313f@gmail.com;6672b925-8e31-4585-b6b2-2858889c313f;6672b925-8e31-4585;b6b2-2858889c313f;1998-6-6;24;67
843e8af6-0418-4554-b5dc-13ddbeb05a36;843e8af6-0418-4554-b5dc-13ddbeb05a36@gmail.com;843e8af6-0418-4554-b5dc-13ddbeb05a36;843e8af6-0418-4554;b5dc-13ddbeb05a36;1974-9-6;21;62
43266628-9f08-430e-828a-b6ecb0d7005e;43266628-9f08-430e-828a-b6ecb0d7005e@gmail.com;43266628-9f08-430e-828a-b6ecb0d7005e;43266628-9f08-430e;828a-b6ecb0d7005e;1963-5-27;24;60
4786f631-d9bb-4853-91af-4507277fea75;4786f631-d9bb-4853-91af-4507277fea75@gmail.com;4786f631-d9bb-4853-91af-4507277fea75;4786f631-d9bb-4853;91af-4507277fea75;1990-5-2;19;56
5bfa2d52-a496-4db6-b5c6-fba29abe79e7;5bfa2d52-a496-4db6-b5c6-fba29abe79e7@gmail.com;5bfa2d52-a496-4db6-b5c6-fba29abe79e7;5bfa2d52-a496-4db6;b5c6-fba29abe79e7;1964-6-16;18;59
40adcdbc-aec6-410f-b69f-3aedc546486c;40adcdbc-aec6-410f-b69f-3aedc546486c@gmail.com;40adcdbc-aec6-410f-b69f-3aedc546486c;40adcdbc-aec6-410f;b69f-3aedc546486c;1968-1-7;22;60
711c2952-9986-4ca0-a0b0-1aa247a8f811;711c2952-9986-4ca0-a0b0-1aa247a8f811@gmail.com;711c2952-9986-4ca0-a0b0-1aa247a8f811;711c2952-9986-4ca0;a0b0-1aa247a8f811;1968-8-9;24;62
415a40a1-3077-42a1-87b0-4f0bc38c5018;415a40a1-3077-42a1-87b0-4f0bc38c5018@gmail.com;415a40a1-3077-42a1-87b0-4f0bc38c5018;415a40a1-3077-42a1;87b0-4f0bc38c5018;1998-8-7;22;60
825817b0-a10a-45ed-bf6e-5b503b55b93c;825817b0-a10a-45ed-bf6e-5b503b55b93c@gmail.com;825817b0-a10a-45ed-bf6e-5b503b55b93c;825817b0-a10a-45ed;bf6e-5b503b55b93c;2003-5-4;21;55
f38c1656-8404-457d-b5b6-8f9860318c21;f38c1656-8404-457d-b5b6-8f9860318c21@gmail.com;f38c1656-8404-457d-b5b6-8f9860318c21;f38c1656-8404-457d;b5b6-8f9860318c21;1965-11-16;23;57
b7cb165b-32bc-4509-b823-4ccf560486e9;b7cb165b-32bc-4509-b823-4ccf560486e9@gmail.com;b7cb165b-32bc-4509-b823-4ccf560486e9;b7cb165b-32bc-4509;b823-4ccf560486e9;1968-11-15;19;66
416d1c2a-eb13-4734-a85c-86c56c5bef70;416d1c2a-eb13-4734-a85c-86c56c5bef70@gmail.com;416d1c2a-eb13-4734-a85c-86c56c5bef70;416d1c2a-eb13-4734;a85c-86c56c5bef70;1956-7-16;25;58
cdd214f1-363d-4835-92a5-a220ddc231be;cdd214f1-363d-4835-92a5-a220ddc231be@gmail.com;cdd214f1-363d-4835-92a5-a220ddc231be;cdd214f1-363d-4835;92a5-a220ddc231be;1997-7-17;22;55
969bd1ee-0271-41e6-b585-acf268002dbf;969bd1ee-0271-41e6-b585-acf268002dbf@gmail.com;969bd1ee-0271-41e6-b585-acf268002dbf;969bd1ee-0271-41e6;b585-acf268002dbf;1996-4-1;25;57
15e376f0-e02e-4b53-93a6-25847dd43d08;15e376f0-e02e-4b53-93a6-25847dd43d08@gmail.com;15e376f0-e02e-4b53-93a6-25847dd43d08;15e376f0-e02e-4b53;93a6-25847dd43d08;1957-4-19;25;68
594b4443-4af2-4371-a2c7-36317d59e650;594b4443-4af2-4371-a2c7-36317d59e650@gmail.com;594b4443-4af2-4371-a2c7-36317d59e650;594b4443-4af2-4371;a2c7-36317d59e650;1957-3-11;21;59
a12c50bb-3183-4b1b-9c11-23d87a07ef2f;a12c50bb-3183-4b1b-9c11-23d87a07ef2f@gmail.com;a12c50bb-3183-4b1b-9c11-23d87a07ef2f;a12c50bb-3183-4b1b;9c11-23d87a07ef2f;1989-4-15;20;55
6e55d833-25de-47d0-b2a7-26101318a0f1;6e55d833-25de-47d0-b2a7-26101318a0f1@gmail.com;6e55d833-25de-47d0-b2a7-26101318a0f1;6e55d833-25de-47d0;b2a7-26101318a0f1;2003-4-17;19;57
790b1418-85a0-4622-bf7d-3f45fbfa8bcb;790b1418-85a0-4622-bf7d-3f45fbfa8bcb@gmail.com;790b1418-85a0-4622-bf7d-3f45fbfa8bcb;790b1418-85a0-4622;bf7d-3f45fbfa8bcb;1976-7-4;22;60
150b4a54-1729-4908-9b9a-73a8c72cc1a9;150b4a54-1729-4908-9b9a-73a8c72cc1a9@gmail.com;150b4a54-1729-4908-9b9a-73a8c72cc1a9;150b4a54-1729-4908;9b9a-73a8c72cc1a9;2004-1-23;23;67
ab5dd47d-e64c-4a3a-b94e-9886c243ab9a;ab5dd47d-e64c-4a3a-b94e-9886c243ab9a@gmail.com;ab5dd47d-e64c-4a3a-b94e-9886c243ab9a;ab5dd47d-e64c-4a3a;b94e-9886c243ab9a;1982-8-17;20;64
ea4c4659-1caa-48dd-8b2a-92439aa9ac88;ea4c4659-1caa-48dd-8b2a-92439aa9ac88@gmail.com;ea4c4659-1caa-48dd-8b2a-92439aa9ac88;ea4c4659-1caa-48dd;8b2a-92439aa9ac88;1971-4-19;24;58
7513ad20-b0e3-4920-9612-4f2af79fb5e7;7513ad20-b0e3-4920-9612-4f2af79fb5e7@gmail.com;7513ad20-b0e3-4920-9612-4f2af79fb5e7;7513ad20-b0e3-4920;9612-4f2af79fb5e7;1981-4-8;23;56
09a8fe17-5312-4c76-a9e1-ef2a78e96fa8;09a8fe17-5312-4c76-a9e1-ef2a78e96fa8@gmail.com;09a8fe17-5312-4c76-a9e1-ef2a78e96fa8;09a8fe17-5312-4c76;a9e1-ef2a78e96fa8;1999-5-19;21;65
18e18974-7fe4-4d80-9431-4229bdddbee8;18e18974-7fe4-4d80-9431-4229bdddbee8@gmail.com;18e18974-7fe4-4d80-9431-4229bdddbee8;18e18974-7fe4-4d80;9431-4229bdddbee8;1957-10-25;24;59
bd6b1c61-72b0-4376-97c0-57c34d2fe991;bd6b1c61-72b0-4376-97c0-57c34d2fe991@gmail.com;bd6b1c61-72b0-4376-97c0-57c34d2fe991;bd6b1c61-72b0-4376;97c0-57c34d2fe991;1980-7-9;23;64
387ea3ac-f6f8-4dce-a8b7-dba53e88cbae;387ea3ac-f6f8-4dce-a8b7-dba53e88cbae@gmail.com;387ea3ac-f6f8-4dce-a8b7-dba53e88cbae;387ea3ac-f6f8-4dce;a8b7-dba53e88cbae;1979-11-12;19;61
005c890d-13db-46fa-b0fb-d10b1e884ce1;005c890d-13db-46fa-b0fb-d10b1e884ce1@gmail.com;005c890d-13db-46fa-b0fb-d10b1e884ce1;005c890d-13db-46fa;b0fb-d10b1e884ce1;2001-11-10;25;56
dda634d9-da61-42bb-8f77-3cf951885515;dda634d9-da61-42bb-8f77-3cf951885515@gmail.com;dda634d9-da61-42bb-8f77-3cf951885515;dda634d9-da61-42bb;8f77-3cf951885515;1957-2-3;20;67
7f0c4a2b-c13c-46e0-902a-291f2d723863;7f0c4a2b-c13c-46e0-902a-291f2d723863@gmail.com;7f0c4a2b-c13c-46e0-902a-291f2d723863;7f0c4a2b-c13c-46e0;902a-291f2d723863;1995-8-11;23;62
e1c7654b-d7fd-4d35-a52f-a171ea3a8517;e1c7654b-d7fd-4d35-a52f-a171ea3a8517@gmail.com;e1c7654b-d7fd-4d35-a52f-a171ea3a8517;e1c7654b-d7fd-4d35;a52f-a171ea3a8517;1967-1-5;24;69
28467230-278c-4c32-bd2c-485bb40f7224;28467230-278c-4c32-bd2c-485bb40f7224@gmail.com;28467230-278c-4c32-bd2c-485bb40f7224;28467230-278c-4c32;bd2c-485bb40f7224;1970-10-17;21;65
1ad67187-e3e3-4756-adb3-4a5d41d6fa1e;1ad67187-e3e3-4756-adb3-4a5d41d6fa1e@gmail.com;1ad67187-e3e3-4756-adb3-4a5d41d6fa1e;1ad67187-e3e3-4756;adb3-4a5d41d6fa1e;1955-1-17;19;65
3fb73079-f0d3-4eca-a28d-366c57b17afd;3fb73079-f0d3-4eca-a28d-366c57b17afd@gmail.com;3fb73079-f0d3-4eca-a28d-366c57b17afd;3fb73079-f0d3-4eca;a28d-366c57b17afd;1977-12-7;18;69
0a3ea8e6-4dd4-4827-821c-90231ae1950d;0a3ea8e6-4dd4-4827-821c-90231ae1950d@gmail.com;0a3ea8e6-4dd4-4827-821c-90231ae1950d;0a3ea8e6-4dd4-4827;821c-90231ae1950d;1970-10-9;22;68
b159b5e3-74c9-41e8-9f34-48847474dde6;b159b5e3-74c9-41e8-9f34-48847474dde6@gmail.com;b159b5e3-74c9-41e8-9f34-48847474dde6;b159b5e3-74c9-41e8;9f34-48847474dde6;1975-10-20;24;60
b207c494-8b60-46d3-8669-77fd946224ed;b207c494-8b60-46d3-8669-77fd946224ed@gmail.com;b207c494-8b60-46d3-8669-77fd946224ed;b207c494-8b60-46d3;8669-77fd946224ed;1997-1-2;19;56
f06759fa-b6d1-48f4-9a51-a33b19fdee55;f06759fa-b6d1-48f4-9a51-a33b19fdee55@gmail.com;f06759fa-b6d1-48f4-9a51-a33b19fdee55;f06759fa-b6d1-48f4;9a51-a33b19fdee55;1968-3-8;21;68
d935c713-fde9-46ee-8f4b-c1a98b742237;d935c713-fde9-46ee-8f4b-c1a98b742237@gmail.com;d935c713-fde9-46ee-8f4b-c1a98b742237;d935c713-fde9-46ee;8f4b-c1a98b742237;1992-4-22;23;68
b77fb022-61f6-4ddd-b08c-968614d593ac;b77fb022-61f6-4ddd-b08c-968614d593ac@gmail.com;b77fb022-61f6-4ddd-b08c-968614d593ac;b77fb022-61f6-4ddd;b08c-968614d593ac;1983-4-9;23;66
66b28ac9-39e5-45f1-97e8-c7d5e31eca38;66b28ac9-39e5-45f1-97e8-c7d5e31eca38@gmail.com;66b28ac9-39e5-45f1-97e8-c7d5e31eca38;66b28ac9-39e5-45f1;97e8-c7d5e31eca38;1968-4-19;25;66
c6abc4a3-8911-4f38-bbbb-fd8d9da7049c;c6abc4a3-8911-4f38-bbbb-fd8d9da7049c@gmail.com;c6abc4a3-8911-4f38-bbbb-fd8d9da7049c;c6abc4a3-8911-4f38;bbbb-fd8d9da7049c;1981-7-1;21;57
86394cb4-d4f8-4fe2-868a-457c7af1932b;86394cb4-d4f8-4fe2-868a-457c7af1932b@gmail.com;86394cb4-d4f8-4fe2-868a-457c7af1932b;86394cb4-d4f8-4fe2;868a-457c7af1932b;1969-7-24;23;59
16c68482-d68e-4158-9dd1-3c45007a0ec4;16c68482-d68e-4158-9dd1-3c45007a0ec4@gmail.com;16c68482-d68e-4158-9dd1-3c45007a0ec4;16c68482-d68e-4158;9dd1-3c45007a0ec4;1967-9-4;24;65
4998ec7c-a5d4-43f2-9037-a012ad676470;4998ec7c-a5d4-43f2-9037-a012ad676470@gmail.com;4998ec7c-a5d4-43f2-9037-a012ad676470;4998ec7c-a5d4-43f2;9037-a012ad676470;1971-11-19;20;69
15c75a90-f61b-46e6-98ac-723dcb97b108;15c75a90-f61b-46e6-98ac-723dcb97b108@gmail.com;15c75a90-f61b-46e6-98ac-723dcb97b108;15c75a90-f61b-46e6;98ac-723dcb97b108;1962-9-4;24;59
57040a69-bdcd-4578-9e72-2ed2ec79b540;57040a69-bdcd-4578-9e72-2ed2ec79b540@gmail.com;57040a69-bdcd-4578-9e72-2ed2ec79b540;57040a69-bdcd-4578;9e72-2ed2ec79b540;1988-8-3;22;64
4f50660e-d445-4c64-8c19-3191fb3589af;4f50660e-d445-4c64-8c19-3191fb3589af@gmail.com;4f50660e-d445-4c64-8c19-3191fb3589af;4f50660e-d445-4c64;8c19-3191fb3589af;1992-4-16;21;57
e6d0a19f-c8b0-4bee-b99c-6c463619114b;e6d0a19f-c8b0-4bee-b99c-6c463619114b@gmail.com;e6d0a19f-c8b0-4bee-b99c-6c463619114b;e6d0a19f-c8b0-4bee;b99c-6c463619114b;1985-3-16;23;60
8507498f-22d9-4e30-a5a4-f6c9ed01654c;8507498f-22d9-4e30-a5a4-f6c9ed01654c@gmail.com;8507498f-22d9-4e30-a5a4-f6c9ed01654c;8507498f-22d9-4e30;a5a4-f6c9ed01654c;1959-7-24;25;64
fe72b719-0cc0-4c3b-a456-087ec419c369;fe72b719-0cc0-4c3b-a456-087ec419c369@gmail.com;fe72b719-0cc0-4c3b-a456-087ec419c369;fe72b719-0cc0-4c3b;a456-087ec419c369;1963-3-4;19;62
2afae5e8-5f68-44a5-94cc-4ee8dd45af1c;2afae5e8-5f68-44a5-94cc-4ee8dd45af1c@gmail.com;2afae5e8-5f68-44a5-94cc-4ee8dd45af1c;2afae5e8-5f68-44a5;94cc-4ee8dd45af1c;1998-3-12;21;66
a47c9e46-a382-4c55-bc5f-a7e99fa8abad;a47c9e46-a382-4c55-bc5f-a7e99fa8abad@gmail.com;a47c9e46-a382-4c55-bc5f-a7e99fa8abad;a47c9e46-a382-4c55;bc5f-a7e99fa8abad;1988-6-10;25;57
11a106ea-e6ce-4799-99e9-2010ac5da3a2;11a106ea-e6ce-4799-99e9-2010ac5da3a2@gmail.com;11a106ea-e6ce-4799-99e9-2010ac5da3a2;11a106ea-e6ce-4799;99e9-2010ac5da3a2;1968-8-23;19;68
507537d2-29f5-4932-9527-bef30b770210;507537d2-29f5-4932-9527-bef30b770210@gmail.com;507537d2-29f5-4932-9527-bef30b770210;507537d2-29f5-4932;9527-bef30b770210;1957-11-4;23;60
c21a3ae2-cf22-4f2b-a736-84ccb102348e;c21a3ae2-cf22-4f2b-a736-84ccb102348e@gmail.com;c21a3ae2-cf22-4f2b-a736-84ccb102348e;c21a3ae2-cf22-4f2b;a736-84ccb102348e;1962-8-1;20;63
3c9cf1e5-b06e-4fa0-a4af-d39d528507ed;3c9cf1e5-b06e-4fa0-a4af-d39d528507ed@gmail.com;3c9cf1e5-b06e-4fa0-a4af-d39d528507ed;3c9cf1e5-b06e-4fa0;a4af-d39d528507ed;1998-10-6;19;68
3d1231ce-7441-4ce8-b904-334c878b1282;3d1231ce-7441-4ce8-b904-334c878b1282@gmail.com;3d1231ce-7441-4ce8-b904-334c878b1282;3d1231ce-7441-4ce8;b904-334c878b1282;1960-10-10;22;55
dc2aa014-0d66-4e10-b076-f13a32c59f85;dc2aa014-0d66-4e10-b076-f13a32c59f85@gmail.com;dc2aa014-0d66-4e10-b076-f13a32c59f85;dc2aa014-0d66-4e10;b076-f13a32c59f85;1999-9-6;21;64
d4b9229c-4120-43df-8eec-3aa184d5121c;d4b9229c-4120-43df-8eec-3aa184d5121c@gmail.com;d4b9229c-4120-43df-8eec-3aa184d5121c;d4b9229c-4120-43df;8eec-3aa184d5121c;1980-2-23;22;64
a49e8ffe-4792-4b55-875a-8122ee8285ee;a49e8ffe-4792-4b55-875a-8122ee8285ee@gmail.com;a49e8ffe-4792-4b55-875a-8122ee8285ee;a49e8ffe-4792-4b55;875a-8122ee8285ee;1987-2-5;18;57
7393e26d-df4f-46c2-92b6-3f67e92f7608;7393e26d-df4f-46c2-92b6-3f67e92f7608@gmail.com;7393e26d-df4f-46c2-92b6-3f67e92f7608;7393e26d-df4f-46c2;92b6-3f67e92f7608;1977-12-13;23;69
a578d14f-890d-4248-8413-d4b48315e673;a578d14f-890d-4248-8413-d4b48315e673@gmail.com;a578d14f-890d-4248-8413-d4b48315e673;a578d14f-890d-4248;8413-d4b48315e673;2000-12-11;22;64
2786d2b5-bdfa-4039-8835-f9a12220399a;2786d2b5-bdfa-4039-8835-f9a12220399a@gmail.com;2786d2b5-bdfa-4039-8835-f9a12220399a;2786d2b5-bdfa-4039;8835-f9a12220399a;1978-10-19;20;56
c196e0ba-afac-4aff-9f27-29a4720a83db;c196e0ba-afac-4aff-9f27-29a4720a83db@gmail.com;c196e0ba-afac-4aff-9f27-29a4720a83db;c196e0ba-afac-4aff;9f27-29a4720a83db;1963-8-5;18;69
15d5947d-2872-4276-9afe-201445a743b7;15d5947d-2872-4276-9afe-201445a743b7@gmail.com;15d5947d-2872-4276-9afe-201445a743b7;15d5947d-2872-4276;9afe-201445a743b7;1966-12-4;24;64
5c0e6ef9-3d33-4f19-958f-462f70beb424;5c0e6ef9-3d33-4f19-958f-462f70beb424@gmail.com;5c0e6ef9-3d33-4f19-958f-462f70beb424;5c0e6ef9-3d33-4f19;958f-462f70beb424;1961-2-21;20;60
81182af5-044f-4847-a6d2-4590ad649d01;81182af5-044f-4847-a6d2-4590ad649d01@gmail.com;81182af5-044f-4847-a6d2-4590ad649d01;81182af5-044f-4847;a6d2-4590ad649d01;1998-2-9;19;61
23e36a3a-8362-4c0c-8f5f-ba846f742511;23e36a3a-8362-4c0c-8f5f-ba846f742511@gmail.com;23e36a3a-8362-4c0c-8f5f-ba846f742511;23e36a3a-8362-4c0c;8f5f-ba846f742511;1956-4-27;25;60
e8bf2b14-1737-4808-a740-889d63e47673;e8bf2b14-1737-4808-a740-889d63e47673@gmail.com;e8bf2b14-1737-4808-a740-889d63e47673;e8bf2b14-1737-4808;a740-889d63e47673;1978-4-12;20;56
e6904bb3-bb83-405a-8222-cef9a8508cf1;e6904bb3-bb83-405a-8222-cef9a8508cf1@gmail.com;e6904bb3-bb83-405a-8222-cef9a8508cf1;e6904bb3-bb83-405a;8222-cef9a8508cf1;1991-12-3;25;69
ded6663e-5cd1-4e08-9178-f2173a077196;ded6663e-5cd1-4e08-9178-f2173a077196@gmail.com;ded6663e-5cd1-4e08-9178-f2173a077196;ded6663e-5cd1-4e08;9178-f2173a077196;1982-11-27;20;56
1e91c761-3307-4564-a7da-37d29c11438f;1e91c761-3307-4564-a7da-37d29c11438f@gmail.com;1e91c761-3307-4564-a7da-37d29c11438f;1e91c761-3307-4564;a7da-37d29c11438f;1976-5-23;18;64
54c84d93-1f83-4878-a4e4-4416245174f1;54c84d93-1f83-4878-a4e4-4416245174f1@gmail.com;54c84d93-1f83-4878-a4e4-4416245174f1;54c84d93-1f83-4878;a4e4-4416245174f1;1978-9-8;20;57
39502a7f-3f55-411f-80b3-f9cd9792c5bf;39502a7f-3f55-411f-80b3-f9cd9792c5bf@gmail.com;39502a7f-3f55-411f-80b3-f9cd9792c5bf;39502a7f-3f55-411f;80b3-f9cd9792c5bf;1990-7-12;18;67
9c6f7650-244e-4c8f-aa10-5804565f0e26;9c6f7650-244e-4c8f-aa10-5804565f0e26@gmail.com;9c6f7650-244e-4c8f-aa10-5804565f0e26;9c6f7650-244e-4c8f;aa10-5804565f0e26;1970-8-8;25;65
dd8826e2-07f0-41bc-9db8-8476135d4928;dd8826e2-07f0-41bc-9db8-8476135d4928@gmail.com;dd8826e2-07f0-41bc-9db8-8476135d4928;dd8826e2-07f0-41bc;9db8-8476135d4928;2003-2-12;24;60
32eec2e7-8040-46b0-b9a1-24f317df9770;32eec2e7-8040-46b0-b9a1-24f317df9770@gmail.com;32eec2e7-8040-46b0-b9a1-24f317df9770;32eec2e7-8040-46b0;b9a1-24f317df9770;1991-10-17;23;61
52e3c928-58b7-406a-a659-a10ff785004c;52e3c928-58b7-406a-a659-a10ff785004c@gmail.com;52e3c928-58b7-406a-a659-a10ff785004c;52e3c928-58b7-406a;a659-a10ff785004c;1973-11-16;21;55
faed9cba-ad11-493c-abc1-2ef481740536;faed9cba-ad11-493c-abc1-2ef481740536@gmail.com;faed9cba-ad11-493c-abc1-2ef481740536;faed9cba-ad11-493c;abc1-2ef481740536;2001-11-12;23;66
8ad115e9-1190-4896-9c8e-5fa8cedb0723;8ad115e9-1190-4896-9c8e-5fa8cedb0723@gmail.com;8ad115e9-1190-4896-9c8e-5fa8cedb0723;8ad115e9-1190-4896;9c8e-5fa8cedb0723;1968-12-24;21;70
7425989b-2f4c-4d9c-b137-f622434748d1;7425989b-2f4c-4d9c-b137-f622434748d1@gmail.com;7425989b-2f4c-4d9c-b137-f622434748d1;7425989b-2f4c-4d9c;b137-f622434748d1;2004-9-18;22;70
ecde991b-dac3-48f1-ab2c-9439832438ce;ecde991b-dac3-48f1-ab2c-9439832438ce@gmail.com;ecde991b-dac3-48f1-ab2c-9439832438ce;ecde991b-dac3-48f1;ab2c-9439832438ce;1974-11-9;24;59
8bde3cce-bfc4-4be6-abec-9f4c31575173;8bde3cce-bfc4-4be6-abec-9f4c31575173@gmail.com;8bde3cce-bfc4-4be6-abec-9f4c31575173;8bde3cce-bfc4-4be6;abec-9f4c31575173;1996-5-14;23;61
b57472b8-97ec-43c1-bac2-d66aae033044;b57472b8-97ec-43c1-bac2-d66aae033044@gmail.com;b57472b8-97ec-43c1-bac2-d66aae033044;b57472b8-97ec-43c1;bac2-d66aae033044;2004-5-7;25;66
81eac1e3-25f5-4dd8-9cf1-a7112c8df40c;81eac1e3-25f5-4dd8-9cf1-a7112c8df40c@gmail.com;81eac1e3-25f5-4dd8-9cf1-a7112c8df40c;81eac1e3-25f5-4dd8;9cf1-a7112c8df40c;1998-6-16;22;58
3a8e1eaf-aee6-438d-8b6e-d14c2fedff46;3a8e1eaf-aee6-438d-8b6e-d14c2fedff46@gmail.com;3a8e1eaf-aee6-438d-8b6e-d14c2fedff46;3a8e1eaf-aee6-438d;8b6e-d14c2fedff46;1979-2-25;18;65
8fcbd64a-ed31-42e5-b83f-82181cd47097;8fcbd64a-ed31-42e5-b83f-82181cd47097@gmail.com;8fcbd64a-ed31-42e5-b83f-82181cd47097;8fcbd64a-ed31-42e5;b83f-82181cd47097;1987-2-17;23;56
f83d23fc-1905-4d22-896d-691862269416;f83d23fc-1905-4d22-896d-691862269416@gmail.com;f83d23fc-1905-4d22-896d-691862269416;f83d23fc-1905-4d22;896d-691862269416;1980-11-18;22;69
6c209666-d996-407a-a987-7790dc63510d;6c209666-d996-407a-a987-7790dc63510d@gmail.com;6c209666-d996-407a-a987-7790dc63510d;6c209666-d996-407a;a987-7790dc63510d;1973-2-13;20;67
35c4c95c-7d48-4fb2-8903-5914655a0fa8;35c4c95c-7d48-4fb2-8903-5914655a0fa8@gmail.com;35c4c95c-7d48-4fb2-8903-5914655a0fa8;35c4c95c-7d48-4fb2;8903-5914655a0fa8;1967-11-1;25;66
42e2a28c-ccbb-4b5a-adbe-562ae0206280;42e2a28c-ccbb-4b5a-adbe-562ae0206280@gmail.com;42e2a28c-ccbb-4b5a-adbe-562ae0206280;42e2a28c-ccbb-4b5a;adbe-562ae0206280;1967-2-13;25;64
d44e47f3-08b5-4be0-bb37-ae9de43d302d;d44e47f3-08b5-4be0-bb37-ae9de43d302d@gmail.com;d44e47f3-08b5-4be0-bb37-ae9de43d302d;d44e47f3-08b5-4be0;bb37-ae9de43d302d;1978-8-23;24;70
7427a8dc-6368-4d71-a585-d886d17d0475;7427a8dc-6368-4d71-a585-d886d17d0475@gmail.com;7427a8dc-6368-4d71-a585-d886d17d0475;7427a8dc-6368-4d71;a585-d886d17d0475;1974-7-4;19;56
70d0f80f-5fa6-4d0f-8721-b56341ed4027;70d0f80f-5fa6-4d0f-8721-b56341ed4027@gmail.com;70d0f80f-5fa6-4d0f-8721-b56341ed4027;70d0f80f-5fa6-4d0f;8721-b56341ed4027;1991-11-13;20;58
c471ecd2-7a56-4988-8a6e-fa9dbcdad71a;c471ecd2-7a56-4988-8a6e-fa9dbcdad71a@gmail.com;c471ecd2-7a56-4988-8a6e-fa9dbcdad71a;c471ecd2-7a56-4988;8a6e-fa9dbcdad71a;1989-5-4;21;68
abba5789-bdb9-4103-b8f7-38cd6bac8fb2;abba5789-bdb9-4103-b8f7-38cd6bac8fb2@gmail.com;abba5789-bdb9-4103-b8f7-38cd6bac8fb2;abba5789-bdb9-4103;b8f7-38cd6bac8fb2;1958-12-10;24;56
0529a63b-f78b-42d2-b446-a0b1082b1eaa;0529a63b-f78b-42d2-b446-a0b1082b1eaa@gmail.com;0529a63b-f78b-42d2-b446-a0b1082b1eaa;0529a63b-f78b-42d2;b446-a0b1082b1eaa;1960-9-18;20;70
6dd12fba-b8c0-4379-b42a-49f35eda24dc;6dd12fba-b8c0-4379-b42a-49f35eda24dc@gmail.com;6dd12fba-b8c0-4379-b42a-49f35eda24dc;6dd12fba-b8c0-4379;b42a-49f35eda24dc;1998-6-19;24;58
26f13541-226d-4059-a291-a79d11a35411;26f13541-226d-4059-a291-a79d11a35411@gmail.com;26f13541-226d-4059-a291-a79d11a35411;26f13541-226d-4059;a291-a79d11a35411;1966-9-15;18;67
ab387010-1ea4-4460-9489-ab8c7bb3f001;ab387010-1ea4-4460-9489-ab8c7bb3f001@gmail.com;ab387010-1ea4-4460-9489-ab8c7bb3f001;ab387010-1ea4-4460;9489-ab8c7bb3f001;1993-1-4;21;61
d81ad595-0a3e-4671-b145-251f4a50dd34;d81ad595-0a3e-4671-b145-251f4a50dd34@gmail.com;d81ad595-0a3e-4671-b145-251f4a50dd34;d81ad595-0a3e-4671;b145-251f4a50dd34;1977-3-14;20;67
21817f9f-c4c5-4d1f-ba9f-b9d57f07a0b4;21817f9f-c4c5-4d1f-ba9f-b9d57f07a0b4@gmail.com;21817f9f-c4c5-4d1f-ba9f-b9d57f07a0b4;21817f9f-c4c5-4d1f;ba9f-b9d57f07a0b4;2002-5-18;23;56
91f2d0a4-5a5f-4264-8fab-4e7cc8ea24b8;91f2d0a4-5a5f-4264-8fab-4e7cc8ea24b8@gmail.com;91f2d0a4-5a5f-4264-8fab-4e7cc8ea24b8;91f2d0a4-5a5f-4264;8fab-4e7cc8ea24b8;1969-2-25;23;60
457de359-2243-4279-bfa6-57eea63030d1;457de359-2243-4279-bfa6-57eea63030d1@gmail.com;457de359-2243-4279-bfa6-57eea63030d1;457de359-2243-4279;bfa6-57eea63030d1;1975-2-1;21;68
e81663b4-8017-4ab6-801a-65c4f463f416;e81663b4-8017-4ab6-801a-65c4f463f416@gmail.com;e81663b4-8017-4ab6-801a-65c4f463f416;e81663b4-8017-4ab6;801a-65c4f463f416;1982-11-24;21;59
ee72a7c8-78aa-4c31-9592-ef32a1f975b8;ee72a7c8-78aa-4c31-9592-ef32a1f975b8@gmail.com;ee72a7c8-78aa-4c31-9592-ef32a1f975b8;ee72a7c8-78aa-4c31;9592-ef32a1f975b8;1986-3-20;19;65
822807c4-ac96-4f0f-aa19-d78e7ce94a54;822807c4-ac96-4f0f-aa19-d78e7ce94a54@gmail.com;822807c4-ac96-4f0f-aa19-d78e7ce94a54;822807c4-ac96-4f0f;aa19-d78e7ce94a54;1974-2-7;24;60
d28ab183-fbbd-4a6b-870e-8ea3c5696f04;d28ab183-fbbd-4a6b-870e-8ea3c5696f04@gmail.com;d28ab183-fbbd-4a6b-870e-8ea3c5696f04;d28ab183-fbbd-4a6b;870e-8ea3c5696f04;1965-12-7;22;70
e2ed6360-07d3-4df8-a9b0-806f7ed171ad;e2ed6360-07d3-4df8-a9b0-806f7ed171ad@gmail.com;e2ed6360-07d3-4df8-a9b0-806f7ed171ad;e2ed6360-07d3-4df8;a9b0-806f7ed171ad;1969-9-23;21;58
6d56e96a-370b-40b2-b700-e1afc29543d5;6d56e96a-370b-40b2-b700-e1afc29543d5@gmail.com;6d56e96a-370b-40b2-b700-e1afc29543d5;6d56e96a-370b-40b2;b700-e1afc29543d5;1964-9-13;21;62
6ebd7f7c-6e14-4a9a-8a7b-fa171c1e000a;6ebd7f7c-6e14-4a9a-8a7b-fa171c1e000a@gmail.com;6ebd7f7c-6e14-4a9a-8a7b-fa171c1e000a;6ebd7f7c-6e14-4a9a;8a7b-fa171c1e000a;1988-8-18;18;69
ea4aa175-fb8b-4396-b248-85261ed22dce;ea4aa175-fb8b-4396-b248-85261ed22dce@gmail.com;ea4aa175-fb8b-4396-b248-85261ed22dce;ea4aa175-fb8b-4396;b248-85261ed22dce;1965-1-17;24;63
1f36a54f-a516-4389-b771-df2b5fc7d682;1f36a54f-a516-4389-b771-df2b5fc7d682@gmail.com;1f36a54f-a516-4389-b771-df2b5fc7d682;1f36a54f-a516-4389;b771-df2b5fc7d682;1985-9-24;25;57
fdd89946-7861-4fb4-9cd1-3a56dbc692a6;fdd89946-7861-4fb4-9cd1-3a56dbc692a6@gmail.com;fdd89946-7861-4fb4-9cd1-3a56dbc692a6;fdd89946-7861-4fb4;9cd1-3a56dbc692a6;1978-1-13;20;70
345a9d46-9d8d-426a-bff6-2d96e793f9f2;345a9d46-9d8d-426a-bff6-2d96e793f9f2@gmail.com;345a9d46-9d8d-426a-bff6-2d96e793f9f2;345a9d46-9d8d-426a;bff6-2d96e793f9f2;1958-6-21;20;66
5e09127f-9888-4627-a8a0-5ce3d68ca42e;5e09127f-9888-4627-a8a0-5ce3d68ca42e@gmail.com;5e09127f-9888-4627-a8a0-5ce3d68ca42e;5e09127f-9888-4627;a8a0-5ce3d68ca42e;2002-5-9;22;59
57bf1339-6461-4624-8f49-aa42f848e8a7;57bf1339-6461-4624-8f49-aa42f848e8a7@gmail.com;57bf1339-6461-4624-8f49-aa42f848e8a7;57bf1339-6461-4624;8f49-aa42f848e8a7;1955-8-21;22;55
655b2761-ef6f-4131-84c1-1935abe41b3d;655b2761-ef6f-4131-84c1-1935abe41b3d@gmail.com;655b2761-ef6f-4131-84c1-1935abe41b3d;655b2761-ef6f-4131;84c1-1935abe41b3d;1957-5-10;25;55
2385e723-bc52-4611-a13d-a7f969dfbf69;2385e723-bc52-4611-a13d-a7f969dfbf69@gmail.com;2385e723-bc52-4611-a13d-a7f969dfbf69;2385e723-bc52-4611;a13d-a7f969dfbf69;1963-12-8;23;67
b84609c8-4a68-4d2d-b640-7c5a6a33fbfc;b84609c8-4a68-4d2d-b640-7c5a6a33fbfc@gmail.com;b84609c8-4a68-4d2d-b640-7c5a6a33fbfc;b84609c8-4a68-4d2d;b640-7c5a6a33fbfc;1981-8-3;21;67
d2768830-3c72-460a-a76c-dead47136bae;d2768830-3c72-460a-a76c-dead47136bae@gmail.com;d2768830-3c72-460a-a76c-dead47136bae;d2768830-3c72-460a;a76c-dead47136bae;1985-2-11;21;64
4089cbf5-83f3-474a-9c81-2175c3c7d6d7;4089cbf5-83f3-474a-9c81-2175c3c7d6d7@gmail.com;4089cbf5-83f3-474a-9c81-2175c3c7d6d7;4089cbf5-83f3-474a;9c81-2175c3c7d6d7;1978-3-1;21;64
ebc8e43b-0025-4e00-9941-ea6ab64d9d98;ebc8e43b-0025-4e00-9941-ea6ab64d9d98@gmail.com;ebc8e43b-0025-4e00-9941-ea6ab64d9d98;ebc8e43b-0025-4e00;9941-ea6ab64d9d98;1960-2-11;20;58
80b88248-f07c-4b34-95c4-cad96c199b06;80b88248-f07c-4b34-95c4-cad96c199b06@gmail.com;80b88248-f07c-4b34-95c4-cad96c199b06;80b88248-f07c-4b34;95c4-cad96c199b06;1979-10-9;19;57
3ce701c2-3b4d-4bff-9851-a9047010be2e;3ce701c2-3b4d-4bff-9851-a9047010be2e@gmail.com;3ce701c2-3b4d-4bff-9851-a9047010be2e;3ce701c2-3b4d-4bff;9851-a9047010be2e;2003-5-11;23;58
a4619aa5-606a-484d-9a17-938de64cb2e0;a4619aa5-606a-484d-9a17-938de64cb2e0@gmail.com;a4619aa5-606a-484d-9a17-938de64cb2e0;a4619aa5-606a-484d;9a17-938de64cb2e0;1977-6-25;24;66
a0a212f2-54c8-46ad-8a3b-12a081626da6;a0a212f2-54c8-46ad-8a3b-12a081626da6@gmail.com;a0a212f2-54c8-46ad-8a3b-12a081626da6;a0a212f2-54c8-46ad;8a3b-12a081626da6;2004-1-1;20;60
a76e72f6-8696-4ce9-a63f-5ebc4cef578d;a76e72f6-8696-4ce9-a63f-5ebc4cef578d@gmail.com;a76e72f6-8696-4ce9-a63f-5ebc4cef578d;a76e72f6-8696-4ce9;a63f-5ebc4cef578d;1988-1-14;19;63
4eb5b588-f023-49b9-9b85-a379b7ba0191;4eb5b588-f023-49b9-9b85-a379b7ba0191@gmail.com;4eb5b588-f023-49b9-9b85-a379b7ba0191;4eb5b588-f023-49b9;9b85-a379b7ba0191;1980-10-6;21;64
696e93e2-1b8e-4b0c-9aa5-6aef2e8075b3;696e93e2-1b8e-4b0c-9aa5-6aef2e8075b3@gmail.com;696e93e2-1b8e-4b0c-9aa5-6aef2e8075b3;696e93e2-1b8e-4b0c;9aa5-6aef2e8075b3;1960-4-6;24;62
1c3107d0-cfa0-47bd-b32b-507dc0fc5cb8;1c3107d0-cfa0-47bd-b32b-507dc0fc5cb8@gmail.com;1c3107d0-cfa0-47bd-b32b-507dc0fc5cb8;1c3107d0-cfa0-47bd;b32b-507dc0fc5cb8;1956-10-22;20;57
41061d02-1087-46a4-a4aa-4da030dbb1be;41061d02-1087-46a4-a4aa-4da030dbb1be@gmail.com;41061d02-1087-46a4-a4aa-4da030dbb1be;41061d02-1087-46a4;a4aa-4da030dbb1be;1997-9-14;24;66
3a7cc782-abc1-4ad5-9cb6-f096e6c41095;3a7cc782-abc1-4ad5-9cb6-f096e6c41095@gmail.com;3a7cc782-abc1-4ad5-9cb6-f096e6c41095;3a7cc782-abc1-4ad5;9cb6-f096e6c41095;1955-9-9;18;62
21d472bc-7498-4bd5-af79-b773c43c88d8;21d472bc-7498-4bd5-af79-b773c43c88d8@gmail.com;21d472bc-7498-4bd5-af79-b773c43c88d8;21d472bc-7498-4bd5;af79-b773c43c88d8;1960-4-1;24;68
13e6a96d-63b4-48b4-b7e2-9cdfdc14aa30;13e6a96d-63b4-48b4-b7e2-9cdfdc14aa30@gmail.com;13e6a96d-63b4-48b4-b7e2-9cdfdc14aa30;13e6a96d-63b4-48b4;b7e2-9cdfdc14aa30;1965-10-17;23;60
5de05b4c-08d2-46a6-80fc-572720d46760;5de05b4c-08d2-46a6-80fc-572720d46760@gmail.com;5de05b4c-08d2-46a6-80fc-572720d46760;5de05b4c-08d2-46a6;80fc-572720d46760;2002-4-24;25;55
7fe0076f-b644-4710-aee2-8a77d7e987d1;7fe0076f-b644-4710-aee2-8a77d7e987d1@gmail.com;7fe0076f-b644-4710-aee2-8a77d7e987d1;7fe0076f-b644-4710;aee2-8a77d7e987d1;1973-5-15;22;61
68264ff2-5d09-4fb4-941b-37961ad7ef92;68264ff2-5d09-4fb4-941b-37961ad7ef92@gmail.com;68264ff2-5d09-4fb4-941b-37961ad7ef92;68264ff2-5d09-4fb4;941b-37961ad7ef92;1974-4-4;22;61
6298de7a-e002-4d6f-aca3-1d7583357ecf;6298de7a-e002-4d6f-aca3-1d7583357ecf@gmail.com;6298de7a-e002-4d6f-aca3-1d7583357ecf;6298de7a-e002-4d6f;aca3-1d7583357ecf;1967-8-9;21;63
7b7b4685-849f-414b-9013-fa744798371c;7b7b4685-849f-414b-9013-fa744798371c@gmail.com;7b7b4685-849f-414b-9013-fa744798371c;7b7b4685-849f-414b;9013-fa744798371c;1954-8-7;21;58
e73b96dd-7bb4-4fa4-9fe8-cdb272f9f979;e73b96dd-7bb4-4fa4-9fe8-cdb272f9f979@gmail.com;e73b96dd-7bb4-4fa4-9fe8-cdb272f9f979;e73b96dd-7bb4-4fa4;9fe8-cdb272f9f979;1987-6-15;25;63
4d3ccd7a-1d91-4259-b304-73550456ad2d;4d3ccd7a-1d91-4259-b304-73550456ad2d@gmail.com;4d3ccd7a-1d91-4259-b304-73550456ad2d;4d3ccd7a-1d91-4259;b304-73550456ad2d;1997-12-11;24;63
6ae1ca2c-dd9b-4613-813c-37ac5d810a99;6ae1ca2c-dd9b-4613-813c-37ac5d810a99@gmail.com;6ae1ca2c-dd9b-4613-813c-37ac5d810a99;6ae1ca2c-dd9b-4613;813c-37ac5d810a99;1959-5-13;19;65
afeb3720-831a-417a-8cce-3cf98dfb2114;afeb3720-831a-417a-8cce-3cf98dfb2114@gmail.com;afeb3720-831a-417a-8cce-3cf98dfb2114;afeb3720-831a-417a;8cce-3cf98dfb2114;1987-10-7;21;60
0da40f27-79c2-4c4d-b292-ca80b128fd82;0da40f27-79c2-4c4d-b292-ca80b128fd82@gmail.com;0da40f27-79c2-4c4d-b292-ca80b128fd82;0da40f27-79c2-4c4d;b292-ca80b128fd82;1997-7-9;22;55
0ff2d629-7d2a-4677-9373-70b950852070;0ff2d629-7d2a-4677-9373-70b950852070@gmail.com;0ff2d629-7d2a-4677-9373-70b950852070;0ff2d629-7d2a-4677;9373-70b950852070;1977-8-6;18;68
8d8d61ba-d09c-445f-ae36-b28e3759fa51;8d8d61ba-d09c-445f-ae36-b28e3759fa51@gmail.com;8d8d61ba-d09c-445f-ae36-b28e3759fa51;8d8d61ba-d09c-445f;ae36-b28e3759fa51;1982-9-11;25;55
18687033-c82c-40ad-ba3d-b6cafd85158a;18687033-c82c-40ad-ba3d-b6cafd85158a@gmail.com;18687033-c82c-40ad-ba3d-b6cafd85158a;18687033-c82c-40ad;ba3d-b6cafd85158a;1984-2-4;22;60
c5ce2922-5aed-4a2f-86ed-f3e8e6bf6361;c5ce2922-5aed-4a2f-86ed-f3e8e6bf6361@gmail.com;c5ce2922-5aed-4a2f-86ed-f3e8e6bf6361;c5ce2922-5aed-4a2f;86ed-f3e8e6bf6361;1980-5-24;21;63
8e3b40e1-9a0c-4f02-a2ce-bba45a439629;8e3b40e1-9a0c-4f02-a2ce-bba45a439629@gmail.com;8e3b40e1-9a0c-4f02-a2ce-bba45a439629;8e3b40e1-9a0c-4f02;a2ce-bba45a439629;1958-7-27;23;58
993c4425-1eda-4597-9c12-946116505821;993c4425-1eda-4597-9c12-946116505821@gmail.com;993c4425-1eda-4597-9c12-946116505821;993c4425-1eda-4597;9c12-946116505821;1959-9-17;24;60
4b8b8202-d178-4946-b10c-141377161fb2;4b8b8202-d178-4946-b10c-141377161fb2@gmail.com;4b8b8202-d178-4946-b10c-141377161fb2;4b8b8202-d178-4946;b10c-141377161fb2;1976-10-15;23;55
687ec1d6-31b2-4db9-83ec-7a7ffffe841b;687ec1d6-31b2-4db9-83ec-7a7ffffe841b@gmail.com;687ec1d6-31b2-4db9-83ec-7a7ffffe841b;687ec1d6-31b2-4db9;83ec-7a7ffffe841b;1958-6-26;24;69
1c29ee65-cf9d-49b2-8170-646fe4d1da0f;1c29ee65-cf9d-49b2-8170-646fe4d1da0f@gmail.com;1c29ee65-cf9d-49b2-8170-646fe4d1da0f;1c29ee65-cf9d-49b2;8170-646fe4d1da0f;1972-10-10;20;64
88d8593e-bdd5-42cc-becc-b45bc040bf93;88d8593e-bdd5-42cc-becc-b45bc040bf93@gmail.com;88d8593e-bdd5-42cc-becc-b45bc040bf93;88d8593e-bdd5-42cc;becc-b45bc040bf93;1990-10-12;18;61
d74770fb-5f32-41d5-8225-68ad23a0b61a;d74770fb-5f32-41d5-8225-68ad23a0b61a@gmail.com;d74770fb-5f32-41d5-8225-68ad23a0b61a;d74770fb-5f32-41d5;8225-68ad23a0b61a;1986-9-25;20;70
4e6a8af8-dfda-4a6a-9349-557e9c5ec758;4e6a8af8-dfda-4a6a-9349-557e9c5ec758@gmail.com;4e6a8af8-dfda-4a6a-9349-557e9c5ec758;4e6a8af8-dfda-4a6a;9349-557e9c5ec758;1972-6-10;19;62
d34824e9-392a-4a80-af81-cb0bce56ac84;d34824e9-392a-4a80-af81-cb0bce56ac84@gmail.com;d34824e9-392a-4a80-af81-cb0bce56ac84;d34824e9-392a-4a80;af81-cb0bce56ac84;1997-12-18;18;70
5739e2db-b96b-47e4-95b2-2212b1635128;5739e2db-b96b-47e4-95b2-2212b1635128@gmail.com;5739e2db-b96b-47e4-95b2-2212b1635128;5739e2db-b96b-47e4;95b2-2212b1635128;1995-10-4;21;55
db33be07-db92-49a7-a3ff-b7ecb70609fb;db33be07-db92-49a7-a3ff-b7ecb70609fb@gmail.com;db33be07-db92-49a7-a3ff-b7ecb70609fb;db33be07-db92-49a7;a3ff-b7ecb70609fb;1995-11-11;19;65
87030f0c-2eaf-4c77-9906-8c6923a7afb0;87030f0c-2eaf-4c77-9906-8c6923a7afb0@gmail.com;87030f0c-2eaf-4c77-9906-8c6923a7afb0;87030f0c-2eaf-4c77;9906-8c6923a7afb0;1973-9-5;18;55
0e3f60c0-5c5a-4405-bc17-3475fb76c1c8;0e3f60c0-5c5a-4405-bc17-3475fb76c1c8@gmail.com;0e3f60c0-5c5a-4405-bc17-3475fb76c1c8;0e3f60c0-5c5a-4405;bc17-3475fb76c1c8;1974-3-17;24;59
1cca9829-9eae-4b14-be80-07e2778ea2a3;1cca9829-9eae-4b14-be80-07e2778ea2a3@gmail.com;1cca9829-9eae-4b14-be80-07e2778ea2a3;1cca9829-9eae-4b14;be80-07e2778ea2a3;1990-5-2;23;67
81d858c2-20d4-4415-a239-06b686d3f133;81d858c2-20d4-4415-a239-06b686d3f133@gmail.com;81d858c2-20d4-4415-a239-06b686d3f133;81d858c2-20d4-4415;a239-06b686d3f133;1984-3-23;21;62
eb8c572c-adae-4d8a-b035-6708dbaa150a;eb8c572c-adae-4d8a-b035-6708dbaa150a@gmail.com;eb8c572c-adae-4d8a-b035-6708dbaa150a;eb8c572c-adae-4d8a;b035-6708dbaa150a;1961-11-11;23;65
9113cbfe-23f9-4f92-a44f-c08df69b742e;9113cbfe-23f9-4f92-a44f-c08df69b742e@gmail.com;9113cbfe-23f9-4f92-a44f-c08df69b742e;9113cbfe-23f9-4f92;a44f-c08df69b742e;1978-12-19;22;69
8e145ef5-376a-4ce5-9967-7e3e5514d31e;8e145ef5-376a-4ce5-9967-7e3e5514d31e@gmail.com;8e145ef5-376a-4ce5-9967-7e3e5514d31e;8e145ef5-376a-4ce5;9967-7e3e5514d31e;1961-11-4;20;61
053a7c30-7e45-4e03-8509-ccf634b7a592;053a7c30-7e45-4e03-8509-ccf634b7a592@gmail.com;053a7c30-7e45-4e03-8509-ccf634b7a592;053a7c30-7e45-4e03;8509-ccf634b7a592;1996-9-23;24;55
691a6a3a-3d50-41de-a028-8448f329f2f5;691a6a3a-3d50-41de-a028-8448f329f2f5@gmail.com;691a6a3a-3d50-41de-a028-8448f329f2f5;691a6a3a-3d50-41de;a028-8448f329f2f5;1975-4-19;22;55
bc435e16-dfde-4665-a9c8-0d5e937e7329;bc435e16-dfde-4665-a9c8-0d5e937e7329@gmail.com;bc435e16-dfde-4665-a9c8-0d5e937e7329;bc435e16-dfde-4665;a9c8-0d5e937e7329;1993-2-10;21;70
2dc8a555-e2d2-4ffc-94b3-54c32f8702c5;2dc8a555-e2d2-4ffc-94b3-54c32f8702c5@gmail.com;2dc8a555-e2d2-4ffc-94b3-54c32f8702c5;2dc8a555-e2d2-4ffc;94b3-54c32f8702c5;1983-12-15;24;61
73dcfe6f-d35a-4d2b-95ff-a3e81d4f853b;73dcfe6f-d35a-4d2b-95ff-a3e81d4f853b@gmail.com;73dcfe6f-d35a-4d2b-95ff-a3e81d4f853b;73dcfe6f-d35a-4d2b;95ff-a3e81d4f853b;1974-2-17;18;55
c4c78dac-f867-4d4a-93a2-c73d010aca31;c4c78dac-f867-4d4a-93a2-c73d010aca31@gmail.com;c4c78dac-f867-4d4a-93a2-c73d010aca31;c4c78dac-f867-4d4a;93a2-c73d010aca31;1965-3-7;20;68
a4d752f9-a6f5-4eab-a30c-e4f3c8aa0456;a4d752f9-a6f5-4eab-a30c-e4f3c8aa0456@gmail.com;a4d752f9-a6f5-4eab-a30c-e4f3c8aa0456;a4d752f9-a6f5-4eab;a30c-e4f3c8aa0456;1982-12-6;24;63
1262edf0-6859-4a28-9c18-7117cedd1c71;1262edf0-6859-4a28-9c18-7117cedd1c71@gmail.com;1262edf0-6859-4a28-9c18-7117cedd1c71;1262edf0-6859-4a28;9c18-7117cedd1c71;1982-8-7;19;66
22f61fad-cdc1-4f74-a458-bcc92e71c12a;22f61fad-cdc1-4f74-a458-bcc92e71c12a@gmail.com;22f61fad-cdc1-4f74-a458-bcc92e71c12a;22f61fad-cdc1-4f74;a458-bcc92e71c12a;1991-5-24;20;68
40f3fc2e-9bc7-4155-ba90-29618722bd75;40f3fc2e-9bc7-4155-ba90-29618722bd75@gmail.com;40f3fc2e-9bc7-4155-ba90-29618722bd75;40f3fc2e-9bc7-4155;ba90-29618722bd75;1988-7-12;18;69
6bcf107e-93fd-402f-8aa4-f92dffa005c3;6bcf107e-93fd-402f-8aa4-f92dffa005c3@gmail.com;6bcf107e-93fd-402f-8aa4-f92dffa005c3;6bcf107e-93fd-402f;8aa4-f92dffa005c3;1995-7-22;18;61
0d38a336-f668-4f47-88ec-c0c26660d834;0d38a336-f668-4f47-88ec-c0c26660d834@gmail.com;0d38a336-f668-4f47-88ec-c0c26660d834;0d38a336-f668-4f47;88ec-c0c26660d834;1962-4-11;25;59
643eae43-0160-4a7a-b8a1-69b003ffcbbf;643eae43-0160-4a7a-b8a1-69b003ffcbbf@gmail.com;643eae43-0160-4a7a-b8a1-69b003ffcbbf;643eae43-0160-4a7a;b8a1-69b003ffcbbf;1971-5-7;21;69
1920eb6b-ea65-477c-b9cc-91d112ef1f93;1920eb6b-ea65-477c-b9cc-91d112ef1f93@gmail.com;1920eb6b-ea65-477c-b9cc-91d112ef1f93;1920eb6b-ea65-477c;b9cc-91d112ef1f93;1972-6-21;18;70
3c9b189d-5ce2-4987-8436-ae5b694f27d7;3c9b189d-5ce2-4987-8436-ae5b694f27d7@gmail.com;3c9b189d-5ce2-4987-8436-ae5b694f27d7;3c9b189d-5ce2-4987;8436-ae5b694f27d7;1981-3-23;23;67
9cf9e038-a718-4e6e-b369-9bb7023c822b;9cf9e038-a718-4e6e-b369-9bb7023c822b@gmail.com;9cf9e038-a718-4e6e-b369-9bb7023c822b;9cf9e038-a718-4e6e;b369-9bb7023c822b;1991-2-15;25;70
0e63c13d-4acb-4292-ad77-d85012a100ca;0e63c13d-4acb-4292-ad77-d85012a100ca@gmail.com;0e63c13d-4acb-4292-ad77-d85012a100ca;0e63c13d-4acb-4292;ad77-d85012a100ca;1993-9-11;18;61
0cea28e1-bf5c-44f4-aef5-078beabd6b6c;0cea28e1-bf5c-44f4-aef5-078beabd6b6c@gmail.com;0cea28e1-bf5c-44f4-aef5-078beabd6b6c;0cea28e1-bf5c-44f4;aef5-078beabd6b6c;1959-10-10;24;55
601e2532-474d-44be-b583-706fb9db3b4c;601e2532-474d-44be-b583-706fb9db3b4c@gmail.com;601e2532-474d-44be-b583-706fb9db3b4c;601e2532-474d-44be;b583-706fb9db3b4c;1962-7-26;23;57
c777c4b1-940a-430d-a6b6-8b87217098ad;c777c4b1-940a-430d-a6b6-8b87217098ad@gmail.com;c777c4b1-940a-430d-a6b6-8b87217098ad;c777c4b1-940a-430d;a6b6-8b87217098ad;1965-9-2;22;62
a3a1c7af-9bfb-454c-a3c5-af9149c8654b;a3a1c7af-9bfb-454c-a3c5-af9149c8654b@gmail.com;a3a1c7af-9bfb-454c-a3c5-af9149c8654b;a3a1c7af-9bfb-454c;a3c5-af9149c8654b;1969-12-17;19;70
771442a0-e8af-49ed-b782-377149f8715c;771442a0-e8af-49ed-b782-377149f8715c@gmail.com;771442a0-e8af-49ed-b782-377149f8715c;771442a0-e8af-49ed;b782-377149f8715c;1978-4-3;19;66
07e79404-deee-4166-977d-b2442ed55397;07e79404-deee-4166-977d-b2442ed55397@gmail.com;07e79404-deee-4166-977d-b2442ed55397;07e79404-deee-4166;977d-b2442ed55397;1981-1-20;22;67
9e837ad5-db8f-435c-b788-1c9a16ee8398;9e837ad5-db8f-435c-b788-1c9a16ee8398@gmail.com;9e837ad5-db8f-435c-b788-1c9a16ee8398;9e837ad5-db8f-435c;b788-1c9a16ee8398;1986-5-4;19;58
ba62f576-456a-42af-9ee2-dba3304c7788;ba62f576-456a-42af-9ee2-dba3304c7788@gmail.com;ba62f576-456a-42af-9ee2-dba3304c7788;ba62f576-456a-42af;9ee2-dba3304c7788;1954-1-4;19;65
1791c126-330a-4af1-9394-ab8b0363678c;1791c126-330a-4af1-9394-ab8b0363678c@gmail.com;1791c126-330a-4af1-9394-ab8b0363678c;1791c126-330a-4af1;9394-ab8b0363678c;1988-9-9;19;60
a17482a1-9f6d-427b-bfdb-119070aae619;a17482a1-9f6d-427b-bfdb-119070aae619@gmail.com;a17482a1-9f6d-427b-bfdb-119070aae619;a17482a1-9f6d-427b;bfdb-119070aae619;1968-3-21;20;68
e273bf27-309a-4b22-82da-ea2a45de073e;e273bf27-309a-4b22-82da-ea2a45de073e@gmail.com;e273bf27-309a-4b22-82da-ea2a45de073e;e273bf27-309a-4b22;82da-ea2a45de073e;1977-7-22;21;60
e4285c62-79b8-4de3-acaa-907ba59a8e1a;e4285c62-79b8-4de3-acaa-907ba59a8e1a@gmail.com;e4285c62-79b8-4de3-acaa-907ba59a8e1a;e4285c62-79b8-4de3;acaa-907ba59a8e1a;1995-12-22;22;63
9b9df0b2-bf22-4b7b-81ee-57e9617eb52a;9b9df0b2-bf22-4b7b-81ee-57e9617eb52a@gmail.com;9b9df0b2-bf22-4b7b-81ee-57e9617eb52a;9b9df0b2-bf22-4b7b;81ee-57e9617eb52a;1959-12-11;19;55
ca292e11-d284-4469-8869-e7bd69126abc;ca292e11-d284-4469-8869-e7bd69126abc@gmail.com;ca292e11-d284-4469-8869-e7bd69126abc;ca292e11-d284-4469;8869-e7bd69126abc;1984-6-4;23;66
83d2dba1-8f4b-4c6a-9a70-810725cc3dcf;83d2dba1-8f4b-4c6a-9a70-810725cc3dcf@gmail.com;83d2dba1-8f4b-4c6a-9a70-810725cc3dcf;83d2dba1-8f4b-4c6a;9a70-810725cc3dcf;1972-9-8;20;66
eabf2ada-6102-4ea4-ad3c-842d5f39c8cb;eabf2ada-6102-4ea4-ad3c-842d5f39c8cb@gmail.com;eabf2ada-6102-4ea4-ad3c-842d5f39c8cb;eabf2ada-6102-4ea4;ad3c-842d5f39c8cb;2004-12-17;22;67
9a6c64e1-850c-409b-9353-f03cfc6485d6;9a6c64e1-850c-409b-9353-f03cfc6485d6@gmail.com;9a6c64e1-850c-409b-9353-f03cfc6485d6;9a6c64e1-850c-409b;9353-f03cfc6485d6;1977-12-4;22;66
e51f45ad-9d97-4fec-9357-6ddb9c8efb56;e51f45ad-9d97-4fec-9357-6ddb9c8efb56@gmail.com;e51f45ad-9d97-4fec-9357-6ddb9c8efb56;e51f45ad-9d97-4fec;9357-6ddb9c8efb56;1970-8-9;18;67
9f76bd67-2f5c-4d90-9480-515ee09aab98;9f76bd67-2f5c-4d90-9480-515ee09aab98@gmail.com;9f76bd67-2f5c-4d90-9480-515ee09aab98;9f76bd67-2f5c-4d90;9480-515ee09aab98;1975-8-18;19;68
31b68a53-8fc2-4ad3-ab11-c1e0a403c3fd;31b68a53-8fc2-4ad3-ab11-c1e0a403c3fd@gmail.com;31b68a53-8fc2-4ad3-ab11-c1e0a403c3fd;31b68a53-8fc2-4ad3;ab11-c1e0a403c3fd;1998-4-1;24;56
59fd9e5d-b0a6-40dc-b6f8-82381421584c;59fd9e5d-b0a6-40dc-b6f8-82381421584c@gmail.com;59fd9e5d-b0a6-40dc-b6f8-82381421584c;59fd9e5d-b0a6-40dc;b6f8-82381421584c;1970-7-11;20;68
afd66acf-fd24-4bdc-a6ed-e1256e84ee7b;afd66acf-fd24-4bdc-a6ed-e1256e84ee7b@gmail.com;afd66acf-fd24-4bdc-a6ed-e1256e84ee7b;afd66acf-fd24-4bdc;a6ed-e1256e84ee7b;1960-4-18;23;67
aab52d7a-415e-4ad8-a8ee-80cbfa2a67f4;aab52d7a-415e-4ad8-a8ee-80cbfa2a67f4@gmail.com;aab52d7a-415e-4ad8-a8ee-80cbfa2a67f4;aab52d7a-415e-4ad8;a8ee-80cbfa2a67f4;1974-8-11;24;56
05c332ce-9032-44e4-aa14-d401e13a8907;05c332ce-9032-44e4-aa14-d401e13a8907@gmail.com;05c332ce-9032-44e4-aa14-d401e13a8907;05c332ce-9032-44e4;aa14-d401e13a8907;1972-9-15;21;66
8501506a-4df9-4abf-852c-63d4018b2e70;8501506a-4df9-4abf-852c-63d4018b2e70@gmail.com;8501506a-4df9-4abf-852c-63d4018b2e70;8501506a-4df9-4abf;852c-63d4018b2e70;1963-12-16;24;60
d7043c08-3cba-4fff-b2c7-7951f9e6840e;d7043c08-3cba-4fff-b2c7-7951f9e6840e@gmail.com;d7043c08-3cba-4fff-b2c7-7951f9e6840e;d7043c08-3cba-4fff;b2c7-7951f9e6840e;1957-5-15;18;62
8fc7348b-589b-41bc-931e-5a63286bb5b3;8fc7348b-589b-41bc-931e-5a63286bb5b3@gmail.com;8fc7348b-589b-41bc-931e-5a63286bb5b3;8fc7348b-589b-41bc;931e-5a63286bb5b3;1962-1-10;22;64
380ca73c-5a1a-46ad-bb71-4f9c9ee1e868;380ca73c-5a1a-46ad-bb71-4f9c9ee1e868@gmail.com;380ca73c-5a1a-46ad-bb71-4f9c9ee1e868;380ca73c-5a1a-46ad;bb71-4f9c9ee1e868;1962-10-7;22;68
16a9c31d-bbec-4aa7-bae1-8e47a8b95ae6;16a9c31d-bbec-4aa7-bae1-8e47a8b95ae6@gmail.com;16a9c31d-bbec-4aa7-bae1-8e47a8b95ae6;16a9c31d-bbec-4aa7;bae1-8e47a8b95ae6;1972-6-18;24;70
0128ff1e-f930-4134-ae04-29aec0fd3c8f;0128ff1e-f930-4134-ae04-29aec0fd3c8f@gmail.com;0128ff1e-f930-4134-ae04-29aec0fd3c8f;0128ff1e-f930-4134;ae04-29aec0fd3c8f;1977-4-22;25;59
37e56181-d275-42d2-b33e-87999ba06e9f;37e56181-d275-42d2-b33e-87999ba06e9f@gmail.com;37e56181-d275-42d2-b33e-87999ba06e9f;37e56181-d275-42d2;b33e-87999ba06e9f;1968-7-11;18;63
781ba712-076f-4e1c-8f3d-c37869c17576;781ba712-076f-4e1c-8f3d-c37869c17576@gmail.com;781ba712-076f-4e1c-8f3d-c37869c17576;781ba712-076f-4e1c;8f3d-c37869c17576;1996-6-17;22;67
2375eccd-7daa-4b9d-a550-0ab89ec418ec;2375eccd-7daa-4b9d-a550-0ab89ec418ec@gmail.com;2375eccd-7daa-4b9d-a550-0ab89ec418ec;2375eccd-7daa-4b9d;a550-0ab89ec418ec;1986-10-6;20;66
dd2ccbab-57ca-4c67-9959-d02619eba5a3;dd2ccbab-57ca-4c67-9959-d02619eba5a3@gmail.com;dd2ccbab-57ca-4c67-9959-d02619eba5a3;dd2ccbab-57ca-4c67;9959-d02619eba5a3;1991-8-23;19;56
c605ba43-b10a-4e9c-87ec-226eb7e750f2;c605ba43-b10a-4e9c-87ec-226eb7e750f2@gmail.com;c605ba43-b10a-4e9c-87ec-226eb7e750f2;c605ba43-b10a-4e9c;87ec-226eb7e750f2;1955-11-7;18;66
3837c2aa-6a06-47e7-8b0a-29e13b213947;3837c2aa-6a06-47e7-8b0a-29e13b213947@gmail.com;3837c2aa-6a06-47e7-8b0a-29e13b213947;3837c2aa-6a06-47e7;8b0a-29e13b213947;1957-5-1;22;64
84aff486-cce4-4f8f-b860-4be319e2e958;84aff486-cce4-4f8f-b860-4be319e2e958@gmail.com;84aff486-cce4-4f8f-b860-4be319e2e958;84aff486-cce4-4f8f;b860-4be319e2e958;1984-8-20;18;62
cdd92228-f3f1-4885-b511-8762110bc55e;cdd92228-f3f1-4885-b511-8762110bc55e@gmail.com;cdd92228-f3f1-4885-b511-8762110bc55e;cdd92228-f3f1-4885;b511-8762110bc55e;1966-8-6;19;59
eca63c7e-e7ab-4019-a817-b351b888ee14;eca63c7e-e7ab-4019-a817-b351b888ee14@gmail.com;eca63c7e-e7ab-4019-a817-b351b888ee14;eca63c7e-e7ab-4019;a817-b351b888ee14;1987-9-2;22;69
8e1a29e2-7a2d-411a-99c3-ce022698e447;8e1a29e2-7a2d-411a-99c3-ce022698e447@gmail.com;8e1a29e2-7a2d-411a-99c3-ce022698e447;8e1a29e2-7a2d-411a;99c3-ce022698e447;1984-4-11;21;55
5251feb4-f0bf-4574-b6c1-93a03f178ae9;5251feb4-f0bf-4574-b6c1-93a03f178ae9@gmail.com;5251feb4-f0bf-4574-b6c1-93a03f178ae9;5251feb4-f0bf-4574;b6c1-93a03f178ae9;1986-1-10;24;64
db2f2f7e-0b28-4ebe-bce1-f2a3da652576;db2f2f7e-0b28-4ebe-bce1-f2a3da652576@gmail.com;db2f2f7e-0b28-4ebe-bce1-f2a3da652576;db2f2f7e-0b28-4ebe;bce1-f2a3da652576;1970-7-12;20;58
bc858fe4-baac-40e0-92e5-1a0dec7ad349;bc858fe4-baac-40e0-92e5-1a0dec7ad349@gmail.com;bc858fe4-baac-40e0-92e5-1a0dec7ad349;bc858fe4-baac-40e0;92e5-1a0dec7ad349;1996-6-24;22;56
10dab6e4-9348-4855-b85a-e1f4baeb1881;10dab6e4-9348-4855-b85a-e1f4baeb1881@gmail.com;10dab6e4-9348-4855-b85a-e1f4baeb1881;10dab6e4-9348-4855;b85a-e1f4baeb1881;1993-7-7;23;55
890340aa-a123-4f5b-acf1-779202ff92f9;890340aa-a123-4f5b-acf1-779202ff92f9@gmail.com;890340aa-a123-4f5b-acf1-779202ff92f9;890340aa-a123-4f5b;acf1-779202ff92f9;2001-10-6;18;63
870fd021-23a9-4cfa-bd94-309d3ae8ebb5;870fd021-23a9-4cfa-bd94-309d3ae8ebb5@gmail.com;870fd021-23a9-4cfa-bd94-309d3ae8ebb5;870fd021-23a9-4cfa;bd94-309d3ae8ebb5;1982-12-2;20;66
4b394181-17a9-4e50-b52f-49a4218fe9a8;4b394181-17a9-4e50-b52f-49a4218fe9a8@gmail.com;4b394181-17a9-4e50-b52f-49a4218fe9a8;4b394181-17a9-4e50;b52f-49a4218fe9a8;1972-4-2;19;58
b88bac56-0fe3-444c-ad93-ecace577281a;b88bac56-0fe3-444c-ad93-ecace577281a@gmail.com;b88bac56-0fe3-444c-ad93-ecace577281a;b88bac56-0fe3-444c;ad93-ecace577281a;1974-6-5;25;59
8374856d-9667-48fc-99b3-307e3115ce77;8374856d-9667-48fc-99b3-307e3115ce77@gmail.com;8374856d-9667-48fc-99b3-307e3115ce77;8374856d-9667-48fc;99b3-307e3115ce77;1978-8-26;23;64
4c24d116-dbb5-49c6-a271-763d4d5a0dba;4c24d116-dbb5-49c6-a271-763d4d5a0dba@gmail.com;4c24d116-dbb5-49c6-a271-763d4d5a0dba;4c24d116-dbb5-49c6;a271-763d4d5a0dba;1995-1-6;24;68
e7055bbe-824c-4a97-b30e-ce8d4b2affde;e7055bbe-824c-4a97-b30e-ce8d4b2affde@gmail.com;e7055bbe-824c-4a97-b30e-ce8d4b2affde;e7055bbe-824c-4a97;b30e-ce8d4b2affde;1987-8-12;19;68
46762974-99a4-4065-917f-5b68079e8d4b;46762974-99a4-4065-917f-5b68079e8d4b@gmail.com;46762974-99a4-4065-917f-5b68079e8d4b;46762974-99a4-4065;917f-5b68079e8d4b;1968-4-25;19;67
23884ff3-c295-4944-8399-4c7bf16b35c8;23884ff3-c295-4944-8399-4c7bf16b35c8@gmail.com;23884ff3-c295-4944-8399-4c7bf16b35c8;23884ff3-c295-4944;8399-4c7bf16b35c8;2004-12-13;24;55
820a908e-9995-4546-ae61-db40fd78c66b;820a908e-9995-4546-ae61-db40fd78c66b@gmail.com;820a908e-9995-4546-ae61-db40fd78c66b;820a908e-9995-4546;ae61-db40fd78c66b;1971-9-14;20;56
af19a4e1-3608-4901-b5b7-81eee21da23c;af19a4e1-3608-4901-b5b7-81eee21da23c@gmail.com;af19a4e1-3608-4901-b5b7-81eee21da23c;af19a4e1-3608-4901;b5b7-81eee21da23c;1957-4-21;19;65
6d8e7383-fb91-44b2-9498-7b84061cf571;6d8e7383-fb91-44b2-9498-7b84061cf571@gmail.com;6d8e7383-fb91-44b2-9498-7b84061cf571;6d8e7383-fb91-44b2;9498-7b84061cf571;1988-6-16;18;69
6a200b6e-b8f1-4506-a286-7c719f93f939;6a200b6e-b8f1-4506-a286-7c719f93f939@gmail.com;6a200b6e-b8f1-4506-a286-7c719f93f939;6a200b6e-b8f1-4506;a286-7c719f93f939;2002-7-24;22;64
88ad5c99-411b-4e74-9dce-275bf1095ddb;88ad5c99-411b-4e74-9dce-275bf1095ddb@gmail.com;88ad5c99-411b-4e74-9dce-275bf1095ddb;88ad5c99-411b-4e74;9dce-275bf1095ddb;1978-4-1;25;56
97868c36-c2f4-4bc2-8178-21d6c985e050;97868c36-c2f4-4bc2-8178-21d6c985e050@gmail.com;97868c36-c2f4-4bc2-8178-21d6c985e050;97868c36-c2f4-4bc2;8178-21d6c985e050;1974-1-18;22;55
ef867a5d-8290-47ff-8247-913d89d4d45f;ef867a5d-8290-47ff-8247-913d89d4d45f@gmail.com;ef867a5d-8290-47ff-8247-913d89d4d45f;ef867a5d-8290-47ff;8247-913d89d4d45f;1960-5-4;19;57
898a7c22-6705-449f-8bca-2e8913ee1470;898a7c22-6705-449f-8bca-2e8913ee1470@gmail.com;898a7c22-6705-449f-8bca-2e8913ee1470;898a7c22-6705-449f;8bca-2e8913ee1470;1991-6-12;19;69
df63e3fd-0348-4d77-8e22-e0485ce9c05d;df63e3fd-0348-4d77-8e22-e0485ce9c05d@gmail.com;df63e3fd-0348-4d77-8e22-e0485ce9c05d;df63e3fd-0348-4d77;8e22-e0485ce9c05d;1966-7-16;23;60
c82af86f-f838-4a5a-aa56-974943068df8;c82af86f-f838-4a5a-aa56-974943068df8@gmail.com;c82af86f-f838-4a5a-aa56-974943068df8;c82af86f-f838-4a5a;aa56-974943068df8;1991-6-8;20;58
afc038eb-93ab-4473-a94a-570c3df0f774;afc038eb-93ab-4473-a94a-570c3df0f774@gmail.com;afc038eb-93ab-4473-a94a-570c3df0f774;afc038eb-93ab-4473;a94a-570c3df0f774;2004-11-20;25;66
5b110f2d-bb60-4b34-b2c6-5dfb84ecb73e;5b110f2d-bb60-4b34-b2c6-5dfb84ecb73e@gmail.com;5b110f2d-bb60-4b34-b2c6-5dfb84ecb73e;5b110f2d-bb60-4b34;b2c6-5dfb84ecb73e;1989-9-18;23;60
a8b0a623-b674-484c-97b2-feeb2ade4cf9;a8b0a623-b674-484c-97b2-feeb2ade4cf9@gmail.com;a8b0a623-b674-484c-97b2-feeb2ade4cf9;a8b0a623-b674-484c;97b2-feeb2ade4cf9;1978-4-15;22;62
eda2d459-6e66-42a9-9888-830719844b86;eda2d459-6e66-42a9-9888-830719844b86@gmail.com;eda2d459-6e66-42a9-9888-830719844b86;eda2d459-6e66-42a9;9888-830719844b86;1956-7-8;19;57
1b702a37-4361-4e41-8739-f66ba0c05551;1b702a37-4361-4e41-8739-f66ba0c05551@gmail.com;1b702a37-4361-4e41-8739-f66ba0c05551;1b702a37-4361-4e41;8739-f66ba0c05551;1968-2-2;19;58
998a1407-cdd2-4819-8c5f-efadbdbef83c;998a1407-cdd2-4819-8c5f-efadbdbef83c@gmail.com;998a1407-cdd2-4819-8c5f-efadbdbef83c;998a1407-cdd2-4819;8c5f-efadbdbef83c;1991-8-16;22;56
b854e166-74d2-4091-bc37-ae30429448f7;b854e166-74d2-4091-bc37-ae30429448f7@gmail.com;b854e166-74d2-4091-bc37-ae30429448f7;b854e166-74d2-4091;bc37-ae30429448f7;1993-12-8;21;64
130a15e5-5536-4f1c-8186-bbac2a7cd1f4;130a15e5-5536-4f1c-8186-bbac2a7cd1f4@gmail.com;130a15e5-5536-4f1c-8186-bbac2a7cd1f4;130a15e5-5536-4f1c;8186-bbac2a7cd1f4;1994-8-6;20;67
786d49bf-d031-4c93-be0a-ea43c2fadfbe;786d49bf-d031-4c93-be0a-ea43c2fadfbe@gmail.com;786d49bf-d031-4c93-be0a-ea43c2fadfbe;786d49bf-d031-4c93;be0a-ea43c2fadfbe;1987-1-14;22;60
76d114e9-8f02-4c98-af35-33e1dff9682e;76d114e9-8f02-4c98-af35-33e1dff9682e@gmail.com;76d114e9-8f02-4c98-af35-33e1dff9682e;76d114e9-8f02-4c98;af35-33e1dff9682e;1962-12-1;18;69
bb741fe2-8eb7-44e2-88f8-ba6245f282cf;bb741fe2-8eb7-44e2-88f8-ba6245f282cf@gmail.com;bb741fe2-8eb7-44e2-88f8-ba6245f282cf;bb741fe2-8eb7-44e2;88f8-ba6245f282cf;1956-6-5;23;66
714a8745-603e-42d6-9d6a-d84f82fbed8a;714a8745-603e-42d6-9d6a-d84f82fbed8a@gmail.com;714a8745-603e-42d6-9d6a-d84f82fbed8a;714a8745-603e-42d6;9d6a-d84f82fbed8a;1957-12-20;18;70
be30f28e-015b-4a36-99bc-241fd78f662a;be30f28e-015b-4a36-99bc-241fd78f662a@gmail.com;be30f28e-015b-4a36-99bc-241fd78f662a;be30f28e-015b-4a36;99bc-241fd78f662a;1958-9-13;18;58
4b694b12-6f41-4d52-a55e-efe95e475754;4b694b12-6f41-4d52-a55e-efe95e475754@gmail.com;4b694b12-6f41-4d52-a55e-efe95e475754;4b694b12-6f41-4d52;a55e-efe95e475754;1954-6-27;18;55
eeb1a25f-90a4-4a5f-95e2-ab3127572d57;eeb1a25f-90a4-4a5f-95e2-ab3127572d57@gmail.com;eeb1a25f-90a4-4a5f-95e2-ab3127572d57;eeb1a25f-90a4-4a5f;95e2-ab3127572d57;1965-4-12;22;57
1c490cb6-9565-4640-8195-7f266fe93930;1c490cb6-9565-4640-8195-7f266fe93930@gmail.com;1c490cb6-9565-4640-8195-7f266fe93930;1c490cb6-9565-4640;8195-7f266fe93930;1960-10-16;21;60
6e5fd646-d4d3-4ca7-b44b-7a0e781a3f28;6e5fd646-d4d3-4ca7-b44b-7a0e781a3f28@gmail.com;6e5fd646-d4d3-4ca7-b44b-7a0e781a3f28;6e5fd646-d4d3-4ca7;b44b-7a0e781a3f28;1986-5-22;22;70
dc57fdae-5854-43ba-8a4c-dd38932de207;dc57fdae-5854-43ba-8a4c-dd38932de207@gmail.com;dc57fdae-5854-43ba-8a4c-dd38932de207;dc57fdae-5854-43ba;8a4c-dd38932de207;1957-5-23;19;59
a24308fb-5647-4226-866d-1fef5deb8d8c;a24308fb-5647-4226-866d-1fef5deb8d8c@gmail.com;a24308fb-5647-4226-866d-1fef5deb8d8c;a24308fb-5647-4226;866d-1fef5deb8d8c;1978-7-11;20;62
1c687da4-cd13-43b9-a5a1-f31b9338ca96;1c687da4-cd13-43b9-a5a1-f31b9338ca96@gmail.com;1c687da4-cd13-43b9-a5a1-f31b9338ca96;1c687da4-cd13-43b9;a5a1-f31b9338ca96;2003-8-4;18;66
97340313-42c8-4678-bb9e-cd4ef2073a47;97340313-42c8-4678-bb9e-cd4ef2073a47@gmail.com;97340313-42c8-4678-bb9e-cd4ef2073a47;97340313-42c8-4678;bb9e-cd4ef2073a47;1974-7-27;24;69
a8b21f4c-4a1e-47e2-9d01-b6692eff82d2;a8b21f4c-4a1e-47e2-9d01-b6692eff82d2@gmail.com;a8b21f4c-4a1e-47e2-9d01-b6692eff82d2;a8b21f4c-4a1e-47e2;9d01-b6692eff82d2;1971-5-14;21;61
82a65382-0c16-40d7-9f70-953c1aa77094;82a65382-0c16-40d7-9f70-953c1aa77094@gmail.com;82a65382-0c16-40d7-9f70-953c1aa77094;82a65382-0c16-40d7;9f70-953c1aa77094;1957-1-25;18;60
2cf598fb-a376-45c5-90c6-fcd8823171ab;2cf598fb-a376-45c5-90c6-fcd8823171ab@gmail.com;2cf598fb-a376-45c5-90c6-fcd8823171ab;2cf598fb-a376-45c5;90c6-fcd8823171ab;1958-4-1;23;58
58bf5d84-32d0-4e54-bf15-1dfab06c8af3;58bf5d84-32d0-4e54-bf15-1dfab06c8af3@gmail.com;58bf5d84-32d0-4e54-bf15-1dfab06c8af3;58bf5d84-32d0-4e54;bf15-1dfab06c8af3;1986-3-16;18;58
a62fc9aa-14b2-481e-9f25-806ea89e7914;a62fc9aa-14b2-481e-9f25-806ea89e7914@gmail.com;a62fc9aa-14b2-481e-9f25-806ea89e7914;a62fc9aa-14b2-481e;9f25-806ea89e7914;2000-11-14;21;65
2052a70a-961d-4996-a166-a8ce795eca9c;2052a70a-961d-4996-a166-a8ce795eca9c@gmail.com;2052a70a-961d-4996-a166-a8ce795eca9c;2052a70a-961d-4996;a166-a8ce795eca9c;1993-6-23;23;57
39634e61-cef5-4c1c-b3b7-2f2259d30dbb;39634e61-cef5-4c1c-b3b7-2f2259d30dbb@gmail.com;39634e61-cef5-4c1c-b3b7-2f2259d30dbb;39634e61-cef5-4c1c;b3b7-2f2259d30dbb;1984-4-22;23;69
126011a8-3e81-47f2-a689-8df281183640;126011a8-3e81-47f2-a689-8df281183640@gmail.com;126011a8-3e81-47f2-a689-8df281183640;126011a8-3e81-47f2;a689-8df281183640;1961-12-15;25;59
a603de04-c1ef-4a85-83b5-78ac1a83792b;a603de04-c1ef-4a85-83b5-78ac1a83792b@gmail.com;a603de04-c1ef-4a85-83b5-78ac1a83792b;a603de04-c1ef-4a85;83b5-78ac1a83792b;1960-5-11;25;67
c82c9393-e85c-47a3-a66a-7bc87d068d0b;c82c9393-e85c-47a3-a66a-7bc87d068d0b@gmail.com;c82c9393-e85c-47a3-a66a-7bc87d068d0b;c82c9393-e85c-47a3;a66a-7bc87d068d0b;1962-1-4;25;57
e3b823cc-50d1-4344-ad97-8aa6b62efccb;e3b823cc-50d1-4344-ad97-8aa6b62efccb@gmail.com;e3b823cc-50d1-4344-ad97-8aa6b62efccb;e3b823cc-50d1-4344;ad97-8aa6b62efccb;1975-3-21;18;63
518de973-8d03-4640-8c34-9b674852d7e2;518de973-8d03-4640-8c34-9b674852d7e2@gmail.com;518de973-8d03-4640-8c34-9b674852d7e2;518de973-8d03-4640;8c34-9b674852d7e2;1997-11-12;24;63
9c05b02e-d5da-4f9c-9b57-a3a0e05b5bae;9c05b02e-d5da-4f9c-9b57-a3a0e05b5bae@gmail.com;9c05b02e-d5da-4f9c-9b57-a3a0e05b5bae;9c05b02e-d5da-4f9c;9b57-a3a0e05b5bae;1990-8-2;24;56
0f141d22-d2de-448f-a400-360ae783632d;0f141d22-d2de-448f-a400-360ae783632d@gmail.com;0f141d22-d2de-448f-a400-360ae783632d;0f141d22-d2de-448f;a400-360ae783632d;1998-10-19;22;62
6fe3b134-e50e-428a-b3ef-de6b882a0395;6fe3b134-e50e-428a-b3ef-de6b882a0395@gmail.com;6fe3b134-e50e-428a-b3ef-de6b882a0395;6fe3b134-e50e-428a;b3ef-de6b882a0395;1970-12-26;23;70
a0c60831-2272-4efe-9290-c916d83382e1;a0c60831-2272-4efe-9290-c916d83382e1@gmail.com;a0c60831-2272-4efe-9290-c916d83382e1;a0c60831-2272-4efe;9290-c916d83382e1;1955-3-1;20;55
97a57925-f0da-44bb-9faa-7d5e58a85831;97a57925-f0da-44bb-9faa-7d5e58a85831@gmail.com;97a57925-f0da-44bb-9faa-7d5e58a85831;97a57925-f0da-44bb;9faa-7d5e58a85831;1991-8-3;25;65
7c9bb27b-c570-43e8-a0a1-ba5b045d926d;7c9bb27b-c570-43e8-a0a1-ba5b045d926d@gmail.com;7c9bb27b-c570-43e8-a0a1-ba5b045d926d;7c9bb27b-c570-43e8;a0a1-ba5b045d926d;1959-8-22;22;66
ebbe102e-da75-4ec7-9a6e-3cd367b2b01a;ebbe102e-da75-4ec7-9a6e-3cd367b2b01a@gmail.com;ebbe102e-da75-4ec7-9a6e-3cd367b2b01a;ebbe102e-da75-4ec7;9a6e-3cd367b2b01a;1960-5-27;19;66
29c6717e-056a-4abf-a421-875f284ef167;29c6717e-056a-4abf-a421-875f284ef167@gmail.com;29c6717e-056a-4abf-a421-875f284ef167;29c6717e-056a-4abf;a421-875f284ef167;1989-5-20;23;59
2bd1dd78-2d8c-46b7-b79c-31b62962fbbe;2bd1dd78-2d8c-46b7-b79c-31b62962fbbe@gmail.com;2bd1dd78-2d8c-46b7-b79c-31b62962fbbe;2bd1dd78-2d8c-46b7;b79c-31b62962fbbe;1993-9-25;24;68
423946ab-f562-44f3-b2f9-59fe25041ea6;423946ab-f562-44f3-b2f9-59fe25041ea6@gmail.com;423946ab-f562-44f3-b2f9-59fe25041ea6;423946ab-f562-44f3;b2f9-59fe25041ea6;1979-12-18;18;58
5765d249-d533-440c-9d63-ab3ccf167a4b;5765d249-d533-440c-9d63-ab3ccf167a4b@gmail.com;5765d249-d533-440c-9d63-ab3ccf167a4b;5765d249-d533-440c;9d63-ab3ccf167a4b;1984-8-3;19;67
495ad947-1ea7-4112-9c74-a023da8f981d;495ad947-1ea7-4112-9c74-a023da8f981d@gmail.com;495ad947-1ea7-4112-9c74-a023da8f981d;495ad947-1ea7-4112;9c74-a023da8f981d;1982-1-7;22;60
90010d3a-9391-40ed-915d-6f6879a98cc6;90010d3a-9391-40ed-915d-6f6879a98cc6@gmail.com;90010d3a-9391-40ed-915d-6f6879a98cc6;90010d3a-9391-40ed;915d-6f6879a98cc6;1959-6-24;19;62
92f5582e-d7e8-4677-a513-892ad6002fbf;92f5582e-d7e8-4677-a513-892ad6002fbf@gmail.com;92f5582e-d7e8-4677-a513-892ad6002fbf;92f5582e-d7e8-4677;a513-892ad6002fbf;1964-5-22;18;66
3b412afa-77fe-4165-9e1a-e284f6788224;3b412afa-77fe-4165-9e1a-e284f6788224@gmail.com;3b412afa-77fe-4165-9e1a-e284f6788224;3b412afa-77fe-4165;9e1a-e284f6788224;1993-4-14;21;65
f95cf933-95a2-492c-84da-14c19fafc2c1;f95cf933-95a2-492c-84da-14c19fafc2c1@gmail.com;f95cf933-95a2-492c-84da-14c19fafc2c1;f95cf933-95a2-492c;84da-14c19fafc2c1;1992-2-23;18;57
9526ff86-258f-4e14-ab8e-03dfbf3aac08;9526ff86-258f-4e14-ab8e-03dfbf3aac08@gmail.com;9526ff86-258f-4e14-ab8e-03dfbf3aac08;9526ff86-258f-4e14;ab8e-03dfbf3aac08;1994-12-16;20;70
30b8931c-1dc0-4d83-bac8-7a2307eca00b;30b8931c-1dc0-4d83-bac8-7a2307eca00b@gmail.com;30b8931c-1dc0-4d83-bac8-7a2307eca00b;30b8931c-1dc0-4d83;bac8-7a2307eca00b;2002-10-1;19;59
7c1296ff-0c58-4f81-aad2-4b3a06bf4138;7c1296ff-0c58-4f81-aad2-4b3a06bf4138@gmail.com;7c1296ff-0c58-4f81-aad2-4b3a06bf4138;7c1296ff-0c58-4f81;aad2-4b3a06bf4138;1971-11-14;19;60
6b7affe6-5ffc-4e0e-b427-f006a57f17f9;6b7affe6-5ffc-4e0e-b427-f006a57f17f9@gmail.com;6b7affe6-5ffc-4e0e-b427-f006a57f17f9;6b7affe6-5ffc-4e0e;b427-f006a57f17f9;2001-11-11;20;70
ac3e4660-8058-4782-89eb-a56f906ededa;ac3e4660-8058-4782-89eb-a56f906ededa@gmail.com;ac3e4660-8058-4782-89eb-a56f906ededa;ac3e4660-8058-4782;89eb-a56f906ededa;1969-12-22;25;61
be0dbcec-11b1-4a4c-b44b-a380cfc37502;be0dbcec-11b1-4a4c-b44b-a380cfc37502@gmail.com;be0dbcec-11b1-4a4c-b44b-a380cfc37502;be0dbcec-11b1-4a4c;b44b-a380cfc37502;1970-6-21;25;59
7ef43e80-2b5f-49f8-9272-b6dc3ba37ddb;7ef43e80-2b5f-49f8-9272-b6dc3ba37ddb@gmail.com;7ef43e80-2b5f-49f8-9272-b6dc3ba37ddb;7ef43e80-2b5f-49f8;9272-b6dc3ba37ddb;1987-5-11;23;70
e97e3d1e-84ec-44f9-8021-3b2904e2cfb8;e97e3d1e-84ec-44f9-8021-3b2904e2cfb8@gmail.com;e97e3d1e-84ec-44f9-8021-3b2904e2cfb8;e97e3d1e-84ec-44f9;8021-3b2904e2cfb8;1973-3-4;23;68
f923145f-a869-4dcd-b135-01819690fe93;f923145f-a869-4dcd-b135-01819690fe93@gmail.com;f923145f-a869-4dcd-b135-01819690fe93;f923145f-a869-4dcd;b135-01819690fe93;1988-3-2;23;55
c1a1514e-2da0-4fdc-84d9-2d44eef85e7f;c1a1514e-2da0-4fdc-84d9-2d44eef85e7f@gmail.com;c1a1514e-2da0-4fdc-84d9-2d44eef85e7f;c1a1514e-2da0-4fdc;84d9-2d44eef85e7f;1992-1-11;21;70
6f1b038e-4cfd-401f-9c95-dd6d3db5a15a;6f1b038e-4cfd-401f-9c95-dd6d3db5a15a@gmail.com;6f1b038e-4cfd-401f-9c95-dd6d3db5a15a;6f1b038e-4cfd-401f;9c95-dd6d3db5a15a;1959-5-15;22;68
3ef79cd3-2882-4113-a620-4c17b4d5fd90;3ef79cd3-2882-4113-a620-4c17b4d5fd90@gmail.com;3ef79cd3-2882-4113-a620-4c17b4d5fd90;3ef79cd3-2882-4113;a620-4c17b4d5fd90;1991-3-18;19;69
bde83094-c25f-40be-a921-11c22fb9517b;bde83094-c25f-40be-a921-11c22fb9517b@gmail.com;bde83094-c25f-40be-a921-11c22fb9517b;bde83094-c25f-40be;a921-11c22fb9517b;1982-6-18;23;70
8af869d8-fbeb-4d11-8056-7d098029760c;8af869d8-fbeb-4d11-8056-7d098029760c@gmail.com;8af869d8-fbeb-4d11-8056-7d098029760c;8af869d8-fbeb-4d11;8056-7d098029760c;1992-9-25;23;61
5223977f-004f-4174-b4e7-4613ecfd0a00;5223977f-004f-4174-b4e7-4613ecfd0a00@gmail.com;5223977f-004f-4174-b4e7-4613ecfd0a00;5223977f-004f-4174;b4e7-4613ecfd0a00;1983-6-4;19;65
fa5c8e77-ce5b-479b-b65c-8f4598ff2db8;fa5c8e77-ce5b-479b-b65c-8f4598ff2db8@gmail.com;fa5c8e77-ce5b-479b-b65c-8f4598ff2db8;fa5c8e77-ce5b-479b;b65c-8f4598ff2db8;1986-7-24;18;66
54901096-4838-4500-bd59-cf8c3826a130;54901096-4838-4500-bd59-cf8c3826a130@gmail.com;54901096-4838-4500-bd59-cf8c3826a130;54901096-4838-4500;bd59-cf8c3826a130;1973-9-12;20;57
f4c9cce3-081f-425d-b9ea-ac4b2a9bcb95;f4c9cce3-081f-425d-b9ea-ac4b2a9bcb95@gmail.com;f4c9cce3-081f-425d-b9ea-ac4b2a9bcb95;f4c9cce3-081f-425d;b9ea-ac4b2a9bcb95;1958-7-22;23;63
cbaf1568-22a4-4cd3-857a-d8c43270535c;cbaf1568-22a4-4cd3-857a-d8c43270535c@gmail.com;cbaf1568-22a4-4cd3-857a-d8c43270535c;cbaf1568-22a4-4cd3;857a-d8c43270535c;1978-7-22;24;58
d8f4e4c5-1a6d-46ff-a260-117996c4659a;d8f4e4c5-1a6d-46ff-a260-117996c4659a@gmail.com;d8f4e4c5-1a6d-46ff-a260-117996c4659a;d8f4e4c5-1a6d-46ff;a260-117996c4659a;1964-1-15;24;68
398899ca-4d1f-467b-b659-993ca190cfad;398899ca-4d1f-467b-b659-993ca190cfad@gmail.com;398899ca-4d1f-467b-b659-993ca190cfad;398899ca-4d1f-467b;b659-993ca190cfad;1997-11-21;22;61
f9472b12-6f58-4e82-9964-30f9c53acee9;f9472b12-6f58-4e82-9964-30f9c53acee9@gmail.com;f9472b12-6f58-4e82-9964-30f9c53acee9;f9472b12-6f58-4e82;9964-30f9c53acee9;2002-12-12;20;61
208ba886-b636-4669-abe1-c0850a1c5f86;208ba886-b636-4669-abe1-c0850a1c5f86@gmail.com;208ba886-b636-4669-abe1-c0850a1c5f86;208ba886-b636-4669;abe1-c0850a1c5f86;1978-11-24;20;70
b3462d1c-280c-4f69-8ad9-c986ebccdc4b;b3462d1c-280c-4f69-8ad9-c986ebccdc4b@gmail.com;b3462d1c-280c-4f69-8ad9-c986ebccdc4b;b3462d1c-280c-4f69;8ad9-c986ebccdc4b;1970-1-24;19;57
c160c3f7-b47b-4363-a282-af40d075445b;c160c3f7-b47b-4363-a282-af40d075445b@gmail.com;c160c3f7-b47b-4363-a282-af40d075445b;c160c3f7-b47b-4363;a282-af40d075445b;2001-7-7;19;65
2ae2df49-a3a9-47b9-b2bf-8d76cac95dae;2ae2df49-a3a9-47b9-b2bf-8d76cac95dae@gmail.com;2ae2df49-a3a9-47b9-b2bf-8d76cac95dae;2ae2df49-a3a9-47b9;b2bf-8d76cac95dae;1981-3-18;20;62
0b7ddb8d-d187-4e1e-913a-9b4ca69d34bb;0b7ddb8d-d187-4e1e-913a-9b4ca69d34bb@gmail.com;0b7ddb8d-d187-4e1e-913a-9b4ca69d34bb;0b7ddb8d-d187-4e1e;913a-9b4ca69d34bb;1972-2-19;24;68
6e643e28-a8bd-4671-8e00-381296ea0d28;6e643e28-a8bd-4671-8e00-381296ea0d28@gmail.com;6e643e28-a8bd-4671-8e00-381296ea0d28;6e643e28-a8bd-4671;8e00-381296ea0d28;1954-7-22;23;60
0df5cb40-e96d-40cf-a546-454e72b16485;0df5cb40-e96d-40cf-a546-454e72b16485@gmail.com;0df5cb40-e96d-40cf-a546-454e72b16485;0df5cb40-e96d-40cf;a546-454e72b16485;1994-3-14;25;61
87f97b10-dcb6-42db-83a9-4717fa643a15;87f97b10-dcb6-42db-83a9-4717fa643a15@gmail.com;87f97b10-dcb6-42db-83a9-4717fa643a15;87f97b10-dcb6-42db;83a9-4717fa643a15;1990-10-13;20;55
a9827c29-e885-4dd6-bbc4-4c8ccf978627;a9827c29-e885-4dd6-bbc4-4c8ccf978627@gmail.com;a9827c29-e885-4dd6-bbc4-4c8ccf978627;a9827c29-e885-4dd6;bbc4-4c8ccf978627;1993-2-5;20;60
0495958c-442e-4cae-8e11-7ca518378bee;0495958c-442e-4cae-8e11-7ca518378bee@gmail.com;0495958c-442e-4cae-8e11-7ca518378bee;0495958c-442e-4cae;8e11-7ca518378bee;1991-2-12;18;69
cb5f1beb-dbe0-447f-b0b9-5f03579e2e1e;cb5f1beb-dbe0-447f-b0b9-5f03579e2e1e@gmail.com;cb5f1beb-dbe0-447f-b0b9-5f03579e2e1e;cb5f1beb-dbe0-447f;b0b9-5f03579e2e1e;1976-3-3;24;65
5c9714f1-aa26-4b1a-a8ce-40441590136e;5c9714f1-aa26-4b1a-a8ce-40441590136e@gmail.com;5c9714f1-aa26-4b1a-a8ce-40441590136e;5c9714f1-aa26-4b1a;a8ce-40441590136e;1963-11-19;22;60
65cd16ab-9539-4d1d-854d-374063952ef3;65cd16ab-9539-4d1d-854d-374063952ef3@gmail.com;65cd16ab-9539-4d1d-854d-374063952ef3;65cd16ab-9539-4d1d;854d-374063952ef3;1960-12-6;21;62
c649e961-8334-427b-92b0-f587fd7dfafe;c649e961-8334-427b-92b0-f587fd7dfafe@gmail.com;c649e961-8334-427b-92b0-f587fd7dfafe;c649e961-8334-427b;92b0-f587fd7dfafe;1975-11-7;25;67
2f10b797-5bf5-4cc2-bdb0-596a2f6f22b2;2f10b797-5bf5-4cc2-bdb0-596a2f6f22b2@gmail.com;2f10b797-5bf5-4cc2-bdb0-596a2f6f22b2;2f10b797-5bf5-4cc2;bdb0-596a2f6f22b2;1991-4-12;24;64
b6c3ab61-2ff9-43d6-9530-8561acc57216;b6c3ab61-2ff9-43d6-9530-8561acc57216@gmail.com;b6c3ab61-2ff9-43d6-9530-8561acc57216;b6c3ab61-2ff9-43d6;9530-8561acc57216;2001-3-3;19;64
5a42693d-83d8-48fe-9396-7c9a80c06339;5a42693d-83d8-48fe-9396-7c9a80c06339@gmail.com;5a42693d-83d8-48fe-9396-7c9a80c06339;5a42693d-83d8-48fe;9396-7c9a80c06339;1960-12-8;20;70
2badb3ca-c8eb-4cf1-b1a6-dbabba77af8b;2badb3ca-c8eb-4cf1-b1a6-dbabba77af8b@gmail.com;2badb3ca-c8eb-4cf1-b1a6-dbabba77af8b;2badb3ca-c8eb-4cf1;b1a6-dbabba77af8b;2003-2-6;24;67
012b5689-6586-4af8-9ce0-8f7803c6bf85;012b5689-6586-4af8-9ce0-8f7803c6bf85@gmail.com;012b5689-6586-4af8-9ce0-8f7803c6bf85;012b5689-6586-4af8;9ce0-8f7803c6bf85;1978-1-21;20;62